email,mcNumber,phone,url
FMMARTINEZ69@GMAIL.NET,MC-506506,(951) 203-6104,https://safer.fmcsa.dot.gov/query.asp?searchtype=ANY&query_type=queryCarrierSnapshot&query_param=MC_MX&query_string=506506
MULESHAULING@FRONTIER.COM,MC-506507,(330) 466-0379,https://safer.fmcsa.dot.gov/query.asp?searchtype=ANY&query_type=queryCarrierSnapshot&query_param=MC_MX&query_string=506507
JOANNE.BONSAINT@DELIMAX.COM,MC-506512,(450) 773-5282,https://safer.fmcsa.dot.gov/query.asp?searchtype=ANY&query_type=queryCarrierSnapshot&query_param=MC_MX&query_string=506512
SNMYODER@GMAIL.COM,MC-506519,(618) 658-0340,https://safer.fmcsa.dot.gov/query.asp?searchtype=ANY&query_type=queryCarrierSnapshot&query_param=MC_MX&query_string=506519
,MC-506529,(765) 488-1527,https://safer.fmcsa.dot.gov/query.asp?searchtype=ANY&query_type=queryCarrierSnapshot&query_param=MC_MX&query_string=506529
DARKSTARTRANSPORT@COMCAST.NET,MC-506535,(508) 395-7827,https://safer.fmcsa.dot.gov/query.asp?searchtype=ANY&query_type=queryCarrierSnapshot&query_param=MC_MX&query_string=506535
TD135724@GMAIL.COM,MC-506544,(479) 238-1814,https://safer.fmcsa.dot.gov/query.asp?searchtype=ANY&query_type=queryCarrierSnapshot&query_param=MC_MX&query_string=506544
,MC-506548,(214) 372-0411,https://safer.fmcsa.dot.gov/query.asp?searchtype=ANY&query_type=queryCarrierSnapshot&query_param=MC_MX&query_string=506548
HACKBROSINC@GMAIL.COM,MC-506553,(402) 643-9328,https://safer.fmcsa.dot.gov/query.asp?searchtype=ANY&query_type=queryCarrierSnapshot&query_param=MC_MX&query_string=506553
GEDEONSAUTOBODYSHOP@YAHOO.COM,MC-506559,(912) 729-5988,https://safer.fmcsa.dot.gov/query.asp?searchtype=ANY&query_type=queryCarrierSnapshot&query_param=MC_MX&query_string=506559
ELMERSTRUCKING01A@YAHOO.COM,MC-506561,(713) 408-8390,https://safer.fmcsa.dot.gov/query.asp?searchtype=ANY&query_type=queryCarrierSnapshot&query_param=MC_MX&query_string=506561
ADMIN@PRESTIGETRANSPORT.NET,MC-506578,(540) 442-1993,https://safer.fmcsa.dot.gov/query.asp?searchtype=ANY&query_type=queryCarrierSnapshot&query_param=MC_MX&query_string=506578
MATTMURRAYTRUCKING@HOTMAIL.COM,MC-506587,(573) 701-4766,https://safer.fmcsa.dot.gov/query.asp?searchtype=ANY&query_type=queryCarrierSnapshot&query_param=MC_MX&query_string=506587
JOHNPERSICHETTE@YAHOO.COM,MC-506589,(303) 732-0558,https://safer.fmcsa.dot.gov/query.asp?searchtype=ANY&query_type=queryCarrierSnapshot&query_param=MC_MX&query_string=506589
YSANCHEZ_02@YAHOO.COM,MC-506593,(562) 405-2749,https://safer.fmcsa.dot.gov/query.asp?searchtype=ANY&query_type=queryCarrierSnapshot&query_param=MC_MX&query_string=506593
DRY.FREIGHT12@GMAIL.COM,MC-506594,(714) 290-2876,https://safer.fmcsa.dot.gov/query.asp?searchtype=ANY&query_type=queryCarrierSnapshot&query_param=MC_MX&query_string=506594
EFLOGISTICSINC@GMAIL.COM,MC-506596,(818) 566-6838,https://safer.fmcsa.dot.gov/query.asp?searchtype=ANY&query_type=queryCarrierSnapshot&query_param=MC_MX&query_string=506596
,MC-506615,(405) 283-0698,https://safer.fmcsa.dot.gov/query.asp?searchtype=ANY&query_type=queryCarrierSnapshot&query_param=MC_MX&query_string=506615
DDINDUST@WINDSTREAM.NET,MC-506623,(910) 369-0205,https://safer.fmcsa.dot.gov/query.asp?searchtype=ANY&query_type=queryCarrierSnapshot&query_param=MC_MX&query_string=506623
JLBREWINGTON@YAHOO.COM,MC-506626,(843) 625-9293,https://safer.fmcsa.dot.gov/query.asp?searchtype=ANY&query_type=queryCarrierSnapshot&query_param=MC_MX&query_string=506626
ERIN.O&#39;NEILLROACH@TRANSFORMCO.COM,MC-506629,(224) 955-7710,https://safer.fmcsa.dot.gov/query.asp?searchtype=ANY&query_type=queryCarrierSnapshot&query_param=MC_MX&query_string=506629
VAEXPRESS@HOTMAIL.COM,MC-506631,(916) 769-6637,https://safer.fmcsa.dot.gov/query.asp?searchtype=ANY&query_type=queryCarrierSnapshot&query_param=MC_MX&query_string=506631
FAZILKA2@YAHOO.COM,MC-506632,(817) 487-3066,https://safer.fmcsa.dot.gov/query.asp?searchtype=ANY&query_type=queryCarrierSnapshot&query_param=MC_MX&query_string=506632
,MC-506635,(970) 590-4478,https://safer.fmcsa.dot.gov/query.asp?searchtype=ANY&query_type=queryCarrierSnapshot&query_param=MC_MX&query_string=506635
,MC-506639,(800)832-5660,https://safer.fmcsa.dot.gov/query.asp?searchtype=ANY&query_type=queryCarrierSnapshot&query_param=MC_MX&query_string=506639
,MC-506647,(800)832-5660,https://safer.fmcsa.dot.gov/query.asp?searchtype=ANY&query_type=queryCarrierSnapshot&query_param=MC_MX&query_string=506647
EAGLETRUCKING84@AOL.COM,MC-506662,(865) 933-7627,https://safer.fmcsa.dot.gov/query.asp?searchtype=ANY&query_type=queryCarrierSnapshot&query_param=MC_MX&query_string=506662
NATELIVESTOCK@GMAIL.COM,MC-506665,(307) 279-3571,https://safer.fmcsa.dot.gov/query.asp?searchtype=ANY&query_type=queryCarrierSnapshot&query_param=MC_MX&query_string=506665
BONEYTRUCKING@GMAIL.COM,MC-506671,(507) 829-8643,https://safer.fmcsa.dot.gov/query.asp?searchtype=ANY&query_type=queryCarrierSnapshot&query_param=MC_MX&query_string=506671
CHAPMANSWAY@GMAIL.COM,MC-506672,(360) 482-1445,https://safer.fmcsa.dot.gov/query.asp?searchtype=ANY&query_type=queryCarrierSnapshot&query_param=MC_MX&query_string=506672
CASTORENATRUCKING@GMAIL.COM,MC-506687,(909) 933-3413,https://safer.fmcsa.dot.gov/query.asp?searchtype=ANY&query_type=queryCarrierSnapshot&query_param=MC_MX&query_string=506687
CURTRADTKE@HOTMAIL.COM,MC-506688,(507) 838-8270,https://safer.fmcsa.dot.gov/query.asp?searchtype=ANY&query_type=queryCarrierSnapshot&query_param=MC_MX&query_string=506688
TED@RELCOMPLS.COM,MC-506692,(952) 884-3259,https://safer.fmcsa.dot.gov/query.asp?searchtype=ANY&query_type=queryCarrierSnapshot&query_param=MC_MX&query_string=506692
,MC-506693,(218) 280-7909,https://safer.fmcsa.dot.gov/query.asp?searchtype=ANY&query_type=queryCarrierSnapshot&query_param=MC_MX&query_string=506693
MONTANACOUNTRY@BLACKFOOT.NET,MC-506711,(406) 370-4279,https://safer.fmcsa.dot.gov/query.asp?searchtype=ANY&query_type=queryCarrierSnapshot&query_param=MC_MX&query_string=506711
NMOLU@ILINKPRO.COM,MC-506714,(404) 388-9625,https://safer.fmcsa.dot.gov/query.asp?searchtype=ANY&query_type=queryCarrierSnapshot&query_param=MC_MX&query_string=506714
SCRAIG@MCCRUM.COM,MC-506721,(207) 338-4360,https://safer.fmcsa.dot.gov/query.asp?searchtype=ANY&query_type=queryCarrierSnapshot&query_param=MC_MX&query_string=506721
LEADOCO@HOTMAIL.COM,MC-506723,(417) 880-7726,https://safer.fmcsa.dot.gov/query.asp?searchtype=ANY&query_type=queryCarrierSnapshot&query_param=MC_MX&query_string=506723
,MC-506725,(712) 754-3803,https://safer.fmcsa.dot.gov/query.asp?searchtype=ANY&query_type=queryCarrierSnapshot&query_param=MC_MX&query_string=506725
TH50@ICLOUD.COM,MC-506734,(701) 438-2500,https://safer.fmcsa.dot.gov/query.asp?searchtype=ANY&query_type=queryCarrierSnapshot&query_param=MC_MX&query_string=506734
,MC-506735,(559) 994-4476,https://safer.fmcsa.dot.gov/query.asp?searchtype=ANY&query_type=queryCarrierSnapshot&query_param=MC_MX&query_string=506735
EARL.JOYNER7@GMAIL.COM,MC-506737,(252) 459-9311,https://safer.fmcsa.dot.gov/query.asp?searchtype=ANY&query_type=queryCarrierSnapshot&query_param=MC_MX&query_string=506737
JT1TRANSPORTATION@HOTMAIL.COM,MC-506741,(775) 338-1445,https://safer.fmcsa.dot.gov/query.asp?searchtype=ANY&query_type=queryCarrierSnapshot&query_param=MC_MX&query_string=506741
LKTRUCK@HOTMAIL.COM,MC-506742,(559) 287-6448,https://safer.fmcsa.dot.gov/query.asp?searchtype=ANY&query_type=queryCarrierSnapshot&query_param=MC_MX&query_string=506742
BPDTRANSPORT@AOL.COM,MC-506746,(616) 443-1471,https://safer.fmcsa.dot.gov/query.asp?searchtype=ANY&query_type=queryCarrierSnapshot&query_param=MC_MX&query_string=506746
,MC-506747,(352) 529-2687,https://safer.fmcsa.dot.gov/query.asp?searchtype=ANY&query_type=queryCarrierSnapshot&query_param=MC_MX&query_string=506747
FLEET@SABREINDUSTRIES.COM,MC-506748,(217) 840-0484,https://safer.fmcsa.dot.gov/query.asp?searchtype=ANY&query_type=queryCarrierSnapshot&query_param=MC_MX&query_string=506748
REX@MIDSTATESD.NET,MC-504755,(605) 680-0040,https://safer.fmcsa.dot.gov/query.asp?searchtype=ANY&query_type=queryCarrierSnapshot&query_param=MC_MX&query_string=504755
YMSEXPRESS@GMAIL.COM,MC-504761,(848) 391-5059,https://safer.fmcsa.dot.gov/query.asp?searchtype=ANY&query_type=queryCarrierSnapshot&query_param=MC_MX&query_string=504761
TONYHURST46@GMAIL.COM,MC-504781,(478) 390-3554,https://safer.fmcsa.dot.gov/query.asp?searchtype=ANY&query_type=queryCarrierSnapshot&query_param=MC_MX&query_string=504781
ALGARDNE1@YAHOO.COM,MC-504792,(229) 869-9065,https://safer.fmcsa.dot.gov/query.asp?searchtype=ANY&query_type=queryCarrierSnapshot&query_param=MC_MX&query_string=504792
,MC-504803,(330) 990-6449,https://safer.fmcsa.dot.gov/query.asp?searchtype=ANY&query_type=queryCarrierSnapshot&query_param=MC_MX&query_string=504803
JORGE.MORENO@TRANSPORTESMORI.COM,,(528) 677-1945,https://safer.fmcsa.dot.gov/query.asp?searchtype=ANY&query_type=queryCarrierSnapshot&query_param=MC_MX&query_string=504807
AGUDINOM66@GMAIL.COM,MC-504821,(951) 285-5805,https://safer.fmcsa.dot.gov/query.asp?searchtype=ANY&query_type=queryCarrierSnapshot&query_param=MC_MX&query_string=504821
,MC-504823,(314) 607-0342,https://safer.fmcsa.dot.gov/query.asp?searchtype=ANY&query_type=queryCarrierSnapshot&query_param=MC_MX&query_string=504823
ROCKROAD@COMCAST.NET,MC-504832,(570) 345-2574,https://safer.fmcsa.dot.gov/query.asp?searchtype=ANY&query_type=queryCarrierSnapshot&query_param=MC_MX&query_string=504832
PHIL@TRICORPTRANS.COM51976252951,MC-504833,(519) 765-2951,https://safer.fmcsa.dot.gov/query.asp?searchtype=ANY&query_type=queryCarrierSnapshot&query_param=MC_MX&query_string=504833
,MC-504836,(402) 881-1609,https://safer.fmcsa.dot.gov/query.asp?searchtype=ANY&query_type=queryCarrierSnapshot&query_param=MC_MX&query_string=504836
CBHANGOO@GMAIL.COM,MC-504856,(559) 770-3338,https://safer.fmcsa.dot.gov/query.asp?searchtype=ANY&query_type=queryCarrierSnapshot&query_param=MC_MX&query_string=504856
CARRILLOPM@OUTLOOK.COM,MC-504859,(951) 928-1051,https://safer.fmcsa.dot.gov/query.asp?searchtype=ANY&query_type=queryCarrierSnapshot&query_param=MC_MX&query_string=504859
EXPRESSSTEPHANEPELLETIER@HOTMAIL.COM,MC-504860,(450) 334-4800,https://safer.fmcsa.dot.gov/query.asp?searchtype=ANY&query_type=queryCarrierSnapshot&query_param=MC_MX&query_string=504860
GEIGERTRKG@COMCAST.NET,MC-504861,(609) 548-8107,https://safer.fmcsa.dot.gov/query.asp?searchtype=ANY&query_type=queryCarrierSnapshot&query_param=MC_MX&query_string=504861
JKERR@LANDMARK-SC.COM,MC-504870,(843) 552-6186,https://safer.fmcsa.dot.gov/query.asp?searchtype=ANY&query_type=queryCarrierSnapshot&query_param=MC_MX&query_string=504870
YOSEF.717@GMAIL.COM,MC-504876,(734) 320-3104,https://safer.fmcsa.dot.gov/query.asp?searchtype=ANY&query_type=queryCarrierSnapshot&query_param=MC_MX&query_string=504876
LUKE@SHENVALLEYTRANS.COM,MC-504877,(540) 607-0678,https://safer.fmcsa.dot.gov/query.asp?searchtype=ANY&query_type=queryCarrierSnapshot&query_param=MC_MX&query_string=504877
,MC-504880,(937) 459-2866,https://safer.fmcsa.dot.gov/query.asp?searchtype=ANY&query_type=queryCarrierSnapshot&query_param=MC_MX&query_string=504880
HDWEBER45@GMAIL.COM,MC-504887,(701) 371-5854,https://safer.fmcsa.dot.gov/query.asp?searchtype=ANY&query_type=queryCarrierSnapshot&query_param=MC_MX&query_string=504887
SCHOENTRUCKING@GMAIL.COM,MC-504888,(712) 253-7404,https://safer.fmcsa.dot.gov/query.asp?searchtype=ANY&query_type=queryCarrierSnapshot&query_param=MC_MX&query_string=504888
RORO1969@ME.COM,MC-504896,(908) 337-7050,https://safer.fmcsa.dot.gov/query.asp?searchtype=ANY&query_type=queryCarrierSnapshot&query_param=MC_MX&query_string=504896
CURIELTRANSPORT@HOTMAIL.COM,MC-504898,(928) 328-0816,https://safer.fmcsa.dot.gov/query.asp?searchtype=ANY&query_type=queryCarrierSnapshot&query_param=MC_MX&query_string=504898
EKRAISINGER08@GMAIL.COM,MC-504901,(620) 351-1750,https://safer.fmcsa.dot.gov/query.asp?searchtype=ANY&query_type=queryCarrierSnapshot&query_param=MC_MX&query_string=504901
,MC-504905,(800)832-5660,https://safer.fmcsa.dot.gov/query.asp?searchtype=ANY&query_type=queryCarrierSnapshot&query_param=MC_MX&query_string=504905
,MC-504913,(800)832-5660,https://safer.fmcsa.dot.gov/query.asp?searchtype=ANY&query_type=queryCarrierSnapshot&query_param=MC_MX&query_string=504913
,MC-504917,(800)832-5660,https://safer.fmcsa.dot.gov/query.asp?searchtype=ANY&query_type=queryCarrierSnapshot&query_param=MC_MX&query_string=504917
,MC-504918,(800)832-5660,https://safer.fmcsa.dot.gov/query.asp?searchtype=ANY&query_type=queryCarrierSnapshot&query_param=MC_MX&query_string=504918
DTSLLC1@GMAIL.COM,MC-504923,(414) 732-3440,https://safer.fmcsa.dot.gov/query.asp?searchtype=ANY&query_type=queryCarrierSnapshot&query_param=MC_MX&query_string=504923
TLFTRUCK@DRTEL.NET,MC-504928,(701) 753-7541,https://safer.fmcsa.dot.gov/query.asp?searchtype=ANY&query_type=queryCarrierSnapshot&query_param=MC_MX&query_string=504928
SHAKESPB@YAHOO.COM,MC-504929,(678) 570-6199,https://safer.fmcsa.dot.gov/query.asp?searchtype=ANY&query_type=queryCarrierSnapshot&query_param=MC_MX&query_string=504929
JEFFK@MITTENINC.COM,MC-504933,(785) 672-3062,https://safer.fmcsa.dot.gov/query.asp?searchtype=ANY&query_type=queryCarrierSnapshot&query_param=MC_MX&query_string=504933
LEESPS@SBCGLOBAL.NET,MC-504941,(479) 970-4056,https://safer.fmcsa.dot.gov/query.asp?searchtype=ANY&query_type=queryCarrierSnapshot&query_param=MC_MX&query_string=504941
,MC-504949,(314) 920-5720,https://safer.fmcsa.dot.gov/query.asp?searchtype=ANY&query_type=queryCarrierSnapshot&query_param=MC_MX&query_string=504949
,MC-504952,(970) 313-2526,https://safer.fmcsa.dot.gov/query.asp?searchtype=ANY&query_type=queryCarrierSnapshot&query_param=MC_MX&query_string=504952
,MC-504964,(918) 522-4319,https://safer.fmcsa.dot.gov/query.asp?searchtype=ANY&query_type=queryCarrierSnapshot&query_param=MC_MX&query_string=504964
JACLYN@COASTRANGETRUCKING.COM,MC-504970,(562) 426-5108,https://safer.fmcsa.dot.gov/query.asp?searchtype=ANY&query_type=queryCarrierSnapshot&query_param=MC_MX&query_string=504970
HARMANEXPRESS@GMAIL.COM,MC-504975,(559) 277-3174,https://safer.fmcsa.dot.gov/query.asp?searchtype=ANY&query_type=queryCarrierSnapshot&query_param=MC_MX&query_string=504975
IANDPTRUCKING@VERIZON.NET,MC-504977,(571) 437-5491,https://safer.fmcsa.dot.gov/query.asp?searchtype=ANY&query_type=queryCarrierSnapshot&query_param=MC_MX&query_string=504977
STARINC76@GMAIL.COM,MC-504981,(860) 965-1380,https://safer.fmcsa.dot.gov/query.asp?searchtype=ANY&query_type=queryCarrierSnapshot&query_param=MC_MX&query_string=504981
MOTORCOACH@MCRVERO.NET,MC-504984,(772) 404-2052,https://safer.fmcsa.dot.gov/query.asp?searchtype=ANY&query_type=queryCarrierSnapshot&query_param=MC_MX&query_string=504984
OFFICE@MELARDCOACH.COM,MC-504985,(717) 738-4870,https://safer.fmcsa.dot.gov/query.asp?searchtype=ANY&query_type=queryCarrierSnapshot&query_param=MC_MX&query_string=504985
RICARDOP1707@GMAIL.COM,,(625) 122-8285,https://safer.fmcsa.dot.gov/query.asp?searchtype=ANY&query_type=queryCarrierSnapshot&query_param=MC_MX&query_string=504995
LACANADA03@YAHOO.COM,MC-506252,(915) 526-9726,https://safer.fmcsa.dot.gov/query.asp?searchtype=ANY&query_type=queryCarrierSnapshot&query_param=MC_MX&query_string=506252
OCAMPOTOURS@HOTMAIL.COM,MC-506253,(214) 948-9046,https://safer.fmcsa.dot.gov/query.asp?searchtype=ANY&query_type=queryCarrierSnapshot&query_param=MC_MX&query_string=506253
BARBARA@CARTEBLANCHELIMO.COM,MC-506254,(317) 873-8600,https://safer.fmcsa.dot.gov/query.asp?searchtype=ANY&query_type=queryCarrierSnapshot&query_param=MC_MX&query_string=506254
DSIMERSON@SUGARBOWL.COM,MC-506255,(530) 426-9000,https://safer.fmcsa.dot.gov/query.asp?searchtype=ANY&query_type=queryCarrierSnapshot&query_param=MC_MX&query_string=506255
ESPINOZATRANSPORTES@HOTMAIL.COM,,(841) 841-9161,https://safer.fmcsa.dot.gov/query.asp?searchtype=ANY&query_type=queryCarrierSnapshot&query_param=MC_MX&query_string=506260
DUTSCHMANNTRUCKING@YAHOO.COM,MC-506264,(817) 980-4688,https://safer.fmcsa.dot.gov/query.asp?searchtype=ANY&query_type=queryCarrierSnapshot&query_param=MC_MX&query_string=506264
JLM_TRUCKING@HOTMAIL.COM,MC-506272,(870) 530-0869,https://safer.fmcsa.dot.gov/query.asp?searchtype=ANY&query_type=queryCarrierSnapshot&query_param=MC_MX&query_string=506272
CAMILLUSINC@YAHOO.COM,MC-506277,(404) 496-2640,https://safer.fmcsa.dot.gov/query.asp?searchtype=ANY&query_type=queryCarrierSnapshot&query_param=MC_MX&query_string=506277
,MC-506279,855-368-4200,https://safer.fmcsa.dot.gov/query.asp?searchtype=ANY&query_type=queryCarrierSnapshot&query_param=MC_MX&query_string=506279
DANNYDYER@WINDSTREAM.NET,MC-506281,(806) 637-1295,https://safer.fmcsa.dot.gov/query.asp?searchtype=ANY&query_type=queryCarrierSnapshot&query_param=MC_MX&query_string=506281
MIKEBECK26@GMAIL.COM,MC-506283,(360) 600-0200,https://safer.fmcsa.dot.gov/query.asp?searchtype=ANY&query_type=queryCarrierSnapshot&query_param=MC_MX&query_string=506283
CMXEXPEDITING@GMAIL.COM,MC-506291,(813) 477-8683,https://safer.fmcsa.dot.gov/query.asp?searchtype=ANY&query_type=queryCarrierSnapshot&query_param=MC_MX&query_string=506291
EBERLYTRUCKING@GMAIL.COM,MC-506294,(260) 761-3209,https://safer.fmcsa.dot.gov/query.asp?searchtype=ANY&query_type=queryCarrierSnapshot&query_param=MC_MX&query_string=506294
AMY@JRQTRANSPORTSERVICE.COM,MC-506305,(443) 807-4296,https://safer.fmcsa.dot.gov/query.asp?searchtype=ANY&query_type=queryCarrierSnapshot&query_param=MC_MX&query_string=506305
DIANEG@ACEWRECKERORLANDO.COM,MC-506306,(407) 425-9999,https://safer.fmcsa.dot.gov/query.asp?searchtype=ANY&query_type=queryCarrierSnapshot&query_param=MC_MX&query_string=506306
JULIE@MCLAUGHLINFREIGHT.COM,MC-506313,(319) 394-9263,https://safer.fmcsa.dot.gov/query.asp?searchtype=ANY&query_type=queryCarrierSnapshot&query_param=MC_MX&query_string=506313
,MC-506318,(401) 253-3433,https://safer.fmcsa.dot.gov/query.asp?searchtype=ANY&query_type=queryCarrierSnapshot&query_param=MC_MX&query_string=506318
SANDHUBROS00@YAHOO.CA,MC-506332,(604) 599-5720,https://safer.fmcsa.dot.gov/query.asp?searchtype=ANY&query_type=queryCarrierSnapshot&query_param=MC_MX&query_string=506332
VIKTORKONDRATOVETS@GMAIL.COM,MC-506347,(360) 904-1378,https://safer.fmcsa.dot.gov/query.asp?searchtype=ANY&query_type=queryCarrierSnapshot&query_param=MC_MX&query_string=506347
BANDHSPECIALTIESLLC@YAHOO.COM,MC-506350,(870) 704-9691,https://safer.fmcsa.dot.gov/query.asp?searchtype=ANY&query_type=queryCarrierSnapshot&query_param=MC_MX&query_string=506350
WHERESWALDO10@HOTMAIL.COM,MC-506351,(319) 750-0298,https://safer.fmcsa.dot.gov/query.asp?searchtype=ANY&query_type=queryCarrierSnapshot&query_param=MC_MX&query_string=506351
JLOEWEN1970@HOTMAIL.COM,MC-506361,(575) 799-5830,https://safer.fmcsa.dot.gov/query.asp?searchtype=ANY&query_type=queryCarrierSnapshot&query_param=MC_MX&query_string=506361
,MC-506364,(800)832-5660,https://safer.fmcsa.dot.gov/query.asp?searchtype=ANY&query_type=queryCarrierSnapshot&query_param=MC_MX&query_string=506364
,MC-506374,(800)832-5660,https://safer.fmcsa.dot.gov/query.asp?searchtype=ANY&query_type=queryCarrierSnapshot&query_param=MC_MX&query_string=506374
,MC-506383,(661) 832-2342,https://safer.fmcsa.dot.gov/query.asp?searchtype=ANY&query_type=queryCarrierSnapshot&query_param=MC_MX&query_string=506383
PERMITS@RIOSINS.COM,,(899) 228-7646,https://safer.fmcsa.dot.gov/query.asp?searchtype=ANY&query_type=queryCarrierSnapshot&query_param=MC_MX&query_string=506394
NZSABAH@YAHOO.COM,MC-506406,(504) 416-3480,https://safer.fmcsa.dot.gov/query.asp?searchtype=ANY&query_type=queryCarrierSnapshot&query_param=MC_MX&query_string=506406
SCOTTIES@CATT.COM,MC-506408,(706) 935-2964,https://safer.fmcsa.dot.gov/query.asp?searchtype=ANY&query_type=queryCarrierSnapshot&query_param=MC_MX&query_string=506408
LIMONS_TRUCKING@HOTMAIL.COM,MC-506421,(760) 956-8634,https://safer.fmcsa.dot.gov/query.asp?searchtype=ANY&query_type=queryCarrierSnapshot&query_param=MC_MX&query_string=506421
RITTERTRUCKING@YAHOO.COM,MC-506430,(865) 805-6437,https://safer.fmcsa.dot.gov/query.asp?searchtype=ANY&query_type=queryCarrierSnapshot&query_param=MC_MX&query_string=506430
IDICKINC@YAHOO.COM,MC-506434,(678) 965-1396,https://safer.fmcsa.dot.gov/query.asp?searchtype=ANY&query_type=queryCarrierSnapshot&query_param=MC_MX&query_string=506434
KIRKIE.SUMMERTIME@GMAIL.COM,MC-506435,(715) 302-0150,https://safer.fmcsa.dot.gov/query.asp?searchtype=ANY&query_type=queryCarrierSnapshot&query_param=MC_MX&query_string=506435
SHMTRANSPORT@YAHOO.COM,MC-506436,(304) 890-7800,https://safer.fmcsa.dot.gov/query.asp?searchtype=ANY&query_type=queryCarrierSnapshot&query_param=MC_MX&query_string=506436
ASSOCIATESEXPRESSDISPATCH@GMAIL.COM,MC-506437,(973) 808-1112,https://safer.fmcsa.dot.gov/query.asp?searchtype=ANY&query_type=queryCarrierSnapshot&query_param=MC_MX&query_string=506437
RAMOSTRUCKING1276@GMAIL.COM,MC-506443,(843) 304-4572,https://safer.fmcsa.dot.gov/query.asp?searchtype=ANY&query_type=queryCarrierSnapshot&query_param=MC_MX&query_string=506443
NOLLMARGE@GMAIL.COM,MC-506461,(517) 851-8083,https://safer.fmcsa.dot.gov/query.asp?searchtype=ANY&query_type=queryCarrierSnapshot&query_param=MC_MX&query_string=506461
CRESCENTVENTURESINC@YAHOO.COM,MC-506463,(847) 637-3202,https://safer.fmcsa.dot.gov/query.asp?searchtype=ANY&query_type=queryCarrierSnapshot&query_param=MC_MX&query_string=506463
,MC-506470,(559) 318-3730,https://safer.fmcsa.dot.gov/query.asp?searchtype=ANY&query_type=queryCarrierSnapshot&query_param=MC_MX&query_string=506470
LILYW@STARRANCH.COM,MC-506474,(509) 663-2788,https://safer.fmcsa.dot.gov/query.asp?searchtype=ANY&query_type=queryCarrierSnapshot&query_param=MC_MX&query_string=506474
TRIPLEFFARMS@TELEBEEP.COM,MC-506476,(402) 992-7527,https://safer.fmcsa.dot.gov/query.asp?searchtype=ANY&query_type=queryCarrierSnapshot&query_param=MC_MX&query_string=506476
EXPEDASHFREIGHT@GMAIL.COM,MC-506479,(732) 630-3090,https://safer.fmcsa.dot.gov/query.asp?searchtype=ANY&query_type=queryCarrierSnapshot&query_param=MC_MX&query_string=506479
,MC-506481,(910) 343-1991,https://safer.fmcsa.dot.gov/query.asp?searchtype=ANY&query_type=queryCarrierSnapshot&query_param=MC_MX&query_string=506481
,MC-506487,(432) 381-5406,https://safer.fmcsa.dot.gov/query.asp?searchtype=ANY&query_type=queryCarrierSnapshot&query_param=MC_MX&query_string=506487
KDHINTZ@GMAIL.COM,MC-506488,(608) 633-1219,https://safer.fmcsa.dot.gov/query.asp?searchtype=ANY&query_type=queryCarrierSnapshot&query_param=MC_MX&query_string=506488
USTRANS04@COMCAST.NET,MC-506492,(630) 699-0680,https://safer.fmcsa.dot.gov/query.asp?searchtype=ANY&query_type=queryCarrierSnapshot&query_param=MC_MX&query_string=506492
,MC-506498,(712) 592-1656,https://safer.fmcsa.dot.gov/query.asp?searchtype=ANY&query_type=queryCarrierSnapshot&query_param=MC_MX&query_string=506498
STEVESHEP007@GMAIL.COM,MC-504506,(402) 598-3582,https://safer.fmcsa.dot.gov/query.asp?searchtype=ANY&query_type=queryCarrierSnapshot&query_param=MC_MX&query_string=504506
HOOD612@COMCAST.NET,MC-504508,(423) 364-4120,https://safer.fmcsa.dot.gov/query.asp?searchtype=ANY&query_type=queryCarrierSnapshot&query_param=MC_MX&query_string=504508
AMANTRANSPORT@LIVE.COM,MC-504510,(661) 979-6527,https://safer.fmcsa.dot.gov/query.asp?searchtype=ANY&query_type=queryCarrierSnapshot&query_param=MC_MX&query_string=504510
,MC-504514,(970) 565-3266,https://safer.fmcsa.dot.gov/query.asp?searchtype=ANY&query_type=queryCarrierSnapshot&query_param=MC_MX&query_string=504514
TOWGARY@SBCGLOBAL.NET,MC-504532,(530) 527-0733,https://safer.fmcsa.dot.gov/query.asp?searchtype=ANY&query_type=queryCarrierSnapshot&query_param=MC_MX&query_string=504532
YBAR1@OLEMAC.NET,MC-504537,(417) 226-4963,https://safer.fmcsa.dot.gov/query.asp?searchtype=ANY&query_type=queryCarrierSnapshot&query_param=MC_MX&query_string=504537
MANIFIESTOSPENA@HOTMAIL.COM,MC-504538,(520) 368-7564,https://safer.fmcsa.dot.gov/query.asp?searchtype=ANY&query_type=queryCarrierSnapshot&query_param=MC_MX&query_string=504538
TWALKERTRANSPORT@YAHOO.COM,MC-504541,(701) 226-1140,https://safer.fmcsa.dot.gov/query.asp?searchtype=ANY&query_type=queryCarrierSnapshot&query_param=MC_MX&query_string=504541
MELLOWBREAMINC@GMAIL.COM,MC-504547,(484) 725-0543,https://safer.fmcsa.dot.gov/query.asp?searchtype=ANY&query_type=queryCarrierSnapshot&query_param=MC_MX&query_string=504547
JENNFIER.CSS@OUTLOOK.COM,MC-504550,(970) 768-5522,https://safer.fmcsa.dot.gov/query.asp?searchtype=ANY&query_type=queryCarrierSnapshot&query_param=MC_MX&query_string=504550
DISPATCH@RMANNTRUCKING.COM,MC-504552,(604) 852-9193,https://safer.fmcsa.dot.gov/query.asp?searchtype=ANY&query_type=queryCarrierSnapshot&query_param=MC_MX&query_string=504552
MARYSE.ELMALEM@GMAIL.COM,MC-504553,(450) 443-0611,https://safer.fmcsa.dot.gov/query.asp?searchtype=ANY&query_type=queryCarrierSnapshot&query_param=MC_MX&query_string=504553
KNICKKC@AOL.COM,MC-504559,(563) 332-1449,https://safer.fmcsa.dot.gov/query.asp?searchtype=ANY&query_type=queryCarrierSnapshot&query_param=MC_MX&query_string=504559
MHENSONSR@GMAIL.COM,MC-504560,(240) 605-6930,https://safer.fmcsa.dot.gov/query.asp?searchtype=ANY&query_type=queryCarrierSnapshot&query_param=MC_MX&query_string=504560
ADA@FLYTRANSPORT.COM,MC-504561,(915) 772-8998,https://safer.fmcsa.dot.gov/query.asp?searchtype=ANY&query_type=queryCarrierSnapshot&query_param=MC_MX&query_string=504561
SKIPRAPER@GMAIL.COM,MC-504578,(501) 676-6680,https://safer.fmcsa.dot.gov/query.asp?searchtype=ANY&query_type=queryCarrierSnapshot&query_param=MC_MX&query_string=504578
GCSTRUCKING@GMAIL.COM,MC-504579,(540) 379-4287,https://safer.fmcsa.dot.gov/query.asp?searchtype=ANY&query_type=queryCarrierSnapshot&query_param=MC_MX&query_string=504579
ADAMSLUMBER@ZIMBRACLOUD.COM,MC-504598,(434) 841-1026,https://safer.fmcsa.dot.gov/query.asp?searchtype=ANY&query_type=queryCarrierSnapshot&query_param=MC_MX&query_string=504598
,MC-504602,(216) 391-9733,https://safer.fmcsa.dot.gov/query.asp?searchtype=ANY&query_type=queryCarrierSnapshot&query_param=MC_MX&query_string=504602
WASATCHFRONT86@YAHOO.COM,MC-504604,(307) 664-2779,https://safer.fmcsa.dot.gov/query.asp?searchtype=ANY&query_type=queryCarrierSnapshot&query_param=MC_MX&query_string=504604
APLUSPERMITS2019@GMAIL.COM,MC-504605,(920) 748-7483,https://safer.fmcsa.dot.gov/query.asp?searchtype=ANY&query_type=queryCarrierSnapshot&query_param=MC_MX&query_string=504605
MADTRUCKINGINC@YAHOO.COM,MC-504608,(330) 619-5207,https://safer.fmcsa.dot.gov/query.asp?searchtype=ANY&query_type=queryCarrierSnapshot&query_param=MC_MX&query_string=504608
SAFETY@JKMOVING.COM,MC-504611,(703) 260-3094,https://safer.fmcsa.dot.gov/query.asp?searchtype=ANY&query_type=queryCarrierSnapshot&query_param=MC_MX&query_string=504611
DIONNE.BUFFINGTON@PACTIVEVERGREEN.COM,MC-504614,(864) 505-3891,https://safer.fmcsa.dot.gov/query.asp?searchtype=ANY&query_type=queryCarrierSnapshot&query_param=MC_MX&query_string=504614
,MC-504626,(800)832-5660,https://safer.fmcsa.dot.gov/query.asp?searchtype=ANY&query_type=queryCarrierSnapshot&query_param=MC_MX&query_string=504626
,MC-504627,(800)832-5660,https://safer.fmcsa.dot.gov/query.asp?searchtype=ANY&query_type=queryCarrierSnapshot&query_param=MC_MX&query_string=504627
,MC-504629,(800)832-5660,https://safer.fmcsa.dot.gov/query.asp?searchtype=ANY&query_type=queryCarrierSnapshot&query_param=MC_MX&query_string=504629
,MC-504632,(800)832-5660,https://safer.fmcsa.dot.gov/query.asp?searchtype=ANY&query_type=queryCarrierSnapshot&query_param=MC_MX&query_string=504632
DEFINITEDELIVERYINC@GMAIL.COM,MC-504637,(714) 994-1493,https://safer.fmcsa.dot.gov/query.asp?searchtype=ANY&query_type=queryCarrierSnapshot&query_param=MC_MX&query_string=504637
SAFETY@STTRANSPORT.NET,MC-504643,(312) 224-8383,https://safer.fmcsa.dot.gov/query.asp?searchtype=ANY&query_type=queryCarrierSnapshot&query_param=MC_MX&query_string=504643
,MC-504663,(503) 743-2241,https://safer.fmcsa.dot.gov/query.asp?searchtype=ANY&query_type=queryCarrierSnapshot&query_param=MC_MX&query_string=504663
CLIFTONNLEHMAN@OUTLOOK.COM,MC-504666,855-368-4200,https://safer.fmcsa.dot.gov/query.asp?searchtype=ANY&query_type=queryCarrierSnapshot&query_param=MC_MX&query_string=504666
SKCERTIFIEDCARS@GMAIL.COM,MC-504667,(301) 908-1213,https://safer.fmcsa.dot.gov/query.asp?searchtype=ANY&query_type=queryCarrierSnapshot&query_param=MC_MX&query_string=504667
,MC-504671,(918) 533-4503,https://safer.fmcsa.dot.gov/query.asp?searchtype=ANY&query_type=queryCarrierSnapshot&query_param=MC_MX&query_string=504671
RHAYNES@SOUTHFRESH.COM,MC-504676,(334) 289-8899,https://safer.fmcsa.dot.gov/query.asp?searchtype=ANY&query_type=queryCarrierSnapshot&query_param=MC_MX&query_string=504676
,MC-504678,(956) 399-5143,https://safer.fmcsa.dot.gov/query.asp?searchtype=ANY&query_type=queryCarrierSnapshot&query_param=MC_MX&query_string=504678
RYAN.JOHNSON@MURPAC.COM,MC-504680,(519) 426-8481,https://safer.fmcsa.dot.gov/query.asp?searchtype=ANY&query_type=queryCarrierSnapshot&query_param=MC_MX&query_string=504680
B_LINEEXPRESS@YAHOO.COM,MC-504691,(815) 291-4123,https://safer.fmcsa.dot.gov/query.asp?searchtype=ANY&query_type=queryCarrierSnapshot&query_param=MC_MX&query_string=504691
INFO@MERNEXPRESS.COM,MC-504699,(321) 442-1881,https://safer.fmcsa.dot.gov/query.asp?searchtype=ANY&query_type=queryCarrierSnapshot&query_param=MC_MX&query_string=504699
EFKATRANSPORT@GMAIL.COM,MC-504701,(862) 223-3186,https://safer.fmcsa.dot.gov/query.asp?searchtype=ANY&query_type=queryCarrierSnapshot&query_param=MC_MX&query_string=504701
,MC-504708,(517) 404-4220,https://safer.fmcsa.dot.gov/query.asp?searchtype=ANY&query_type=queryCarrierSnapshot&query_param=MC_MX&query_string=504708
,MC-504722,(559) 916-6310,https://safer.fmcsa.dot.gov/query.asp?searchtype=ANY&query_type=queryCarrierSnapshot&query_param=MC_MX&query_string=504722
OFFICE@CHOMTR.COM,MC-504736,(303) 472-9621,https://safer.fmcsa.dot.gov/query.asp?searchtype=ANY&query_type=queryCarrierSnapshot&query_param=MC_MX&query_string=504736
ZBRANDER@SUMMITBEVERAGE.COM,MC-504744,(406) 218-7511,https://safer.fmcsa.dot.gov/query.asp?searchtype=ANY&query_type=queryCarrierSnapshot&query_param=MC_MX&query_string=504744
ACCOUNTING@STATEWIDETRANS.COM,MC-504745,(908) 862-2424,https://safer.fmcsa.dot.gov/query.asp?searchtype=ANY&query_type=queryCarrierSnapshot&query_param=MC_MX&query_string=504745
CYMAHER@GMAIL.COM,MC-504750,(980) 829-8534,https://safer.fmcsa.dot.gov/query.asp?searchtype=ANY&query_type=queryCarrierSnapshot&query_param=MC_MX&query_string=504750
KP.CO.HOTSHOTS@GMAIL.COM,MC-505005,(678) 230-6760,https://safer.fmcsa.dot.gov/query.asp?searchtype=ANY&query_type=queryCarrierSnapshot&query_param=MC_MX&query_string=505005
BSHAMEL@DIODECOM.NET,MC-505011,(402) 223-4566,https://safer.fmcsa.dot.gov/query.asp?searchtype=ANY&query_type=queryCarrierSnapshot&query_param=MC_MX&query_string=505011
,MC-505018,(513) 304-5680,https://safer.fmcsa.dot.gov/query.asp?searchtype=ANY&query_type=queryCarrierSnapshot&query_param=MC_MX&query_string=505018
OKIEATKINS55@GMAIL.COM,MC-505024,(406) 852-0961,https://safer.fmcsa.dot.gov/query.asp?searchtype=ANY&query_type=queryCarrierSnapshot&query_param=MC_MX&query_string=505024
LEROYKREYKESFMCSA@GMAIL.COM,MC-505026,(712) 348-1580,https://safer.fmcsa.dot.gov/query.asp?searchtype=ANY&query_type=queryCarrierSnapshot&query_param=MC_MX&query_string=505026
PERMITS@TRCSOL.COM,MC-505030,(630) 892-2559,https://safer.fmcsa.dot.gov/query.asp?searchtype=ANY&query_type=queryCarrierSnapshot&query_param=MC_MX&query_string=505030
BRAD@VERGELOGISTICS.COM,MC-505034,(905) 305-8572,https://safer.fmcsa.dot.gov/query.asp?searchtype=ANY&query_type=queryCarrierSnapshot&query_param=MC_MX&query_string=505034
TANGODIRECT@HOTMAIL.COM,MC-505043,(732) 207-8852,https://safer.fmcsa.dot.gov/query.asp?searchtype=ANY&query_type=queryCarrierSnapshot&query_param=MC_MX&query_string=505043
,MC-505046,(443) 252-0098,https://safer.fmcsa.dot.gov/query.asp?searchtype=ANY&query_type=queryCarrierSnapshot&query_param=MC_MX&query_string=505046
JOHNW@THEPRICECOMPANIES.COM,MC-505049,(434) 376-6202,https://safer.fmcsa.dot.gov/query.asp?searchtype=ANY&query_type=queryCarrierSnapshot&query_param=MC_MX&query_string=505049
ANDY@DKEXPRESSUSA.COM,MC-505056,(714) 874-5788,https://safer.fmcsa.dot.gov/query.asp?searchtype=ANY&query_type=queryCarrierSnapshot&query_param=MC_MX&query_string=505056
DOCKETTMOBILEHOMES@GMAIL.COM,MC-505058,(989) 684-1714,https://safer.fmcsa.dot.gov/query.asp?searchtype=ANY&query_type=queryCarrierSnapshot&query_param=MC_MX&query_string=505058
MADAMS@VISIONAIRELIGHTING.COM,MC-505064,(310) 512-6480,https://safer.fmcsa.dot.gov/query.asp?searchtype=ANY&query_type=queryCarrierSnapshot&query_param=MC_MX&query_string=505064
,MC-505067,(480) 272-2027,https://safer.fmcsa.dot.gov/query.asp?searchtype=ANY&query_type=queryCarrierSnapshot&query_param=MC_MX&query_string=505067
,MC-505073,(920) 285-4059,https://safer.fmcsa.dot.gov/query.asp?searchtype=ANY&query_type=queryCarrierSnapshot&query_param=MC_MX&query_string=505073
DZEXPRESS900@ATT.NET,MC-505078,(765) 479-0205,https://safer.fmcsa.dot.gov/query.asp?searchtype=ANY&query_type=queryCarrierSnapshot&query_param=MC_MX&query_string=505078
,MC-505079,(608) 463-7125,https://safer.fmcsa.dot.gov/query.asp?searchtype=ANY&query_type=queryCarrierSnapshot&query_param=MC_MX&query_string=505079
,MC-505083,(805) 984-7493,https://safer.fmcsa.dot.gov/query.asp?searchtype=ANY&query_type=queryCarrierSnapshot&query_param=MC_MX&query_string=505083
OBARROWLOGISTICS@GMAIL.COM,MC-505093,(404) 993-3589,https://safer.fmcsa.dot.gov/query.asp?searchtype=ANY&query_type=queryCarrierSnapshot&query_param=MC_MX&query_string=505093
SSHARPE@SFETRUCKING.COM,MC-505101,(651) 605-2050,https://safer.fmcsa.dot.gov/query.asp?searchtype=ANY&query_type=queryCarrierSnapshot&query_param=MC_MX&query_string=505101
LLEVESQUE@SCALUMINUM.COM,MC-505111,(508) 824-8631,https://safer.fmcsa.dot.gov/query.asp?searchtype=ANY&query_type=queryCarrierSnapshot&query_param=MC_MX&query_string=505111
JTTRUCKING2006@GMAIL.COM,MC-505112,(623) 889-1545,https://safer.fmcsa.dot.gov/query.asp?searchtype=ANY&query_type=queryCarrierSnapshot&query_param=MC_MX&query_string=505112
RONNY@CAMPLOGISTICSINC.COM,MC-505113,(916) 689-1112,https://safer.fmcsa.dot.gov/query.asp?searchtype=ANY&query_type=queryCarrierSnapshot&query_param=MC_MX&query_string=505113
,MC-505119,(800)832-5660,https://safer.fmcsa.dot.gov/query.asp?searchtype=ANY&query_type=queryCarrierSnapshot&query_param=MC_MX&query_string=505119
,MC-505121,(800)832-5660,https://safer.fmcsa.dot.gov/query.asp?searchtype=ANY&query_type=queryCarrierSnapshot&query_param=MC_MX&query_string=505121
SAFETY.COMPLIANCE@LETSRIDE.CO,MC-505139,(970) 728-6000,https://safer.fmcsa.dot.gov/query.asp?searchtype=ANY&query_type=queryCarrierSnapshot&query_param=MC_MX&query_string=505139
RANDONPETERS@GMAIL.COM,MC-505150,(308) 345-2822,https://safer.fmcsa.dot.gov/query.asp?searchtype=ANY&query_type=queryCarrierSnapshot&query_param=MC_MX&query_string=505150
ROBBIE@JIMSAUTORI.COM,MC-505153,(401) 724-2333,https://safer.fmcsa.dot.gov/query.asp?searchtype=ANY&query_type=queryCarrierSnapshot&query_param=MC_MX&query_string=505153
BJPTRUCKING@GMAIL.COM,MC-505167,(908) 782-0370,https://safer.fmcsa.dot.gov/query.asp?searchtype=ANY&query_type=queryCarrierSnapshot&query_param=MC_MX&query_string=505167
ELVISSERVICES@HOTMAIL.COM,MC-505169,(260) 484-9300,https://safer.fmcsa.dot.gov/query.asp?searchtype=ANY&query_type=queryCarrierSnapshot&query_param=MC_MX&query_string=505169
STERLING@POLEBARN.COM,MC-505170,(610) 593-3500,https://safer.fmcsa.dot.gov/query.asp?searchtype=ANY&query_type=queryCarrierSnapshot&query_param=MC_MX&query_string=505170
,MC-505172,(402) 895-4325,https://safer.fmcsa.dot.gov/query.asp?searchtype=ANY&query_type=queryCarrierSnapshot&query_param=MC_MX&query_string=505172
KKJTRUCKINGLLC@YAHOO.COM,MC-505174,(248) 808-3344,https://safer.fmcsa.dot.gov/query.asp?searchtype=ANY&query_type=queryCarrierSnapshot&query_param=MC_MX&query_string=505174
DAVE@HOLTENTRANSPORTATION.COM,MC-505178,(905) 726-1137,https://safer.fmcsa.dot.gov/query.asp?searchtype=ANY&query_type=queryCarrierSnapshot&query_param=MC_MX&query_string=505178
,MC-505179,(870) 933-6533,https://safer.fmcsa.dot.gov/query.asp?searchtype=ANY&query_type=queryCarrierSnapshot&query_param=MC_MX&query_string=505179
SPEED030@YAHOO.COM,MC-505183,(917) 440-0647,https://safer.fmcsa.dot.gov/query.asp?searchtype=ANY&query_type=queryCarrierSnapshot&query_param=MC_MX&query_string=505183
ABQWESTKIM@YAHOO.COM,MC-505184,(575) 756-1853,https://safer.fmcsa.dot.gov/query.asp?searchtype=ANY&query_type=queryCarrierSnapshot&query_param=MC_MX&query_string=505184
,MC-505186,(301) 791-5758,https://safer.fmcsa.dot.gov/query.asp?searchtype=ANY&query_type=queryCarrierSnapshot&query_param=MC_MX&query_string=505186
CLINTMCCY@AOL.COM,MC-505193,(813) 628-0980,https://safer.fmcsa.dot.gov/query.asp?searchtype=ANY&query_type=queryCarrierSnapshot&query_param=MC_MX&query_string=505193
TOMBAHRTRUCKING@GMAIL.COM,MC-505197,(414) 400-6813,https://safer.fmcsa.dot.gov/query.asp?searchtype=ANY&query_type=queryCarrierSnapshot&query_param=MC_MX&query_string=505197
,MC-505206,(405) 283-0698,https://safer.fmcsa.dot.gov/query.asp?searchtype=ANY&query_type=queryCarrierSnapshot&query_param=MC_MX&query_string=505206
BBTRANSPORT2596@GMAIL.COM,MC-505208,(559) 333-7460,https://safer.fmcsa.dot.gov/query.asp?searchtype=ANY&query_type=queryCarrierSnapshot&query_param=MC_MX&query_string=505208
CARRIC@ISLC.NET,MC-505209,(843) 525-1329,https://safer.fmcsa.dot.gov/query.asp?searchtype=ANY&query_type=queryCarrierSnapshot&query_param=MC_MX&query_string=505209
SHARJODH@YAHOO.COM,MC-505212,(951) 377-7490,https://safer.fmcsa.dot.gov/query.asp?searchtype=ANY&query_type=queryCarrierSnapshot&query_param=MC_MX&query_string=505212
ZTCI.KGROSS@GMAIL.COM,MC-505216,(936) 730-1061,https://safer.fmcsa.dot.gov/query.asp?searchtype=ANY&query_type=queryCarrierSnapshot&query_param=MC_MX&query_string=505216
,MC-505222,(800)832-5660,https://safer.fmcsa.dot.gov/query.asp?searchtype=ANY&query_type=queryCarrierSnapshot&query_param=MC_MX&query_string=505222
OMBRAVE71@GMAIL.COM,MC-505227,(347) 392-1977,https://safer.fmcsa.dot.gov/query.asp?searchtype=ANY&query_type=queryCarrierSnapshot&query_param=MC_MX&query_string=505227
CONNELLTRUCKINGLLC@GMAIL.COM,MC-505239,(414) 467-3763,https://safer.fmcsa.dot.gov/query.asp?searchtype=ANY&query_type=queryCarrierSnapshot&query_param=MC_MX&query_string=505239
VCECIL@NC.RR.COM,MC-504003,(919) 614-6421,https://safer.fmcsa.dot.gov/query.asp?searchtype=ANY&query_type=queryCarrierSnapshot&query_param=MC_MX&query_string=504003
SCOTT.RUCH@RCN.COM,MC-504004,(610) 262-0939,https://safer.fmcsa.dot.gov/query.asp?searchtype=ANY&query_type=queryCarrierSnapshot&query_param=MC_MX&query_string=504004
,MC-504006,(407) 435-3613,https://safer.fmcsa.dot.gov/query.asp?searchtype=ANY&query_type=queryCarrierSnapshot&query_param=MC_MX&query_string=504006
ADMIN@KTLTRANSCORP.COM,MC-504010,(916) 371-9719,https://safer.fmcsa.dot.gov/query.asp?searchtype=ANY&query_type=queryCarrierSnapshot&query_param=MC_MX&query_string=504010
FLIP53@BELLSOUTH.NET,MC-504017,(256) 234-4368,https://safer.fmcsa.dot.gov/query.asp?searchtype=ANY&query_type=queryCarrierSnapshot&query_param=MC_MX&query_string=504017
MUDDER781@GMAIL.COM,MC-504020,(484) 239-3394,https://safer.fmcsa.dot.gov/query.asp?searchtype=ANY&query_type=queryCarrierSnapshot&query_param=MC_MX&query_string=504020
KATIEDID46@LIVE.COM,MC-504026,(317) 985-4522,https://safer.fmcsa.dot.gov/query.asp?searchtype=ANY&query_type=queryCarrierSnapshot&query_param=MC_MX&query_string=504026
,MC-504027,(936) 348-3679,https://safer.fmcsa.dot.gov/query.asp?searchtype=ANY&query_type=queryCarrierSnapshot&query_param=MC_MX&query_string=504027
JANELLE@SEED-EX.COM,MC-504034,(204) 737-2000,https://safer.fmcsa.dot.gov/query.asp?searchtype=ANY&query_type=queryCarrierSnapshot&query_param=MC_MX&query_string=504034
NOBLETRUCKINGINC@AOL.COM,MC-504036,(336) 669-5959,https://safer.fmcsa.dot.gov/query.asp?searchtype=ANY&query_type=queryCarrierSnapshot&query_param=MC_MX&query_string=504036
SOUTHERNARKANSASCARRIERS@GMAIL.COM,MC-504037,(870) 695-3831,https://safer.fmcsa.dot.gov/query.asp?searchtype=ANY&query_type=queryCarrierSnapshot&query_param=MC_MX&query_string=504037
AKOVAC@KOVACEXPRESS.COM,MC-504038,(574) 234-4805,https://safer.fmcsa.dot.gov/query.asp?searchtype=ANY&query_type=queryCarrierSnapshot&query_param=MC_MX&query_string=504038
RCFARMS@YMAIL.COM,MC-504039,(815) 382-1611,https://safer.fmcsa.dot.gov/query.asp?searchtype=ANY&query_type=queryCarrierSnapshot&query_param=MC_MX&query_string=504039
GREENBAY95@MSN.COM,MC-504041,(623) 670-0454,https://safer.fmcsa.dot.gov/query.asp?searchtype=ANY&query_type=queryCarrierSnapshot&query_param=MC_MX&query_string=504041
,MC-504043,(610) 321-1236,https://safer.fmcsa.dot.gov/query.asp?searchtype=ANY&query_type=queryCarrierSnapshot&query_param=MC_MX&query_string=504043
GNLRECOVERY@OUTLOOK.COM,MC-504053,(208) 320-8988,https://safer.fmcsa.dot.gov/query.asp?searchtype=ANY&query_type=queryCarrierSnapshot&query_param=MC_MX&query_string=504053
CGRASSANDSON92@GMAIL.COM,MC-504062,(207) 427-1167,https://safer.fmcsa.dot.gov/query.asp?searchtype=ANY&query_type=queryCarrierSnapshot&query_param=MC_MX&query_string=504062
,MC-504063,(915) 590-0066,https://safer.fmcsa.dot.gov/query.asp?searchtype=ANY&query_type=queryCarrierSnapshot&query_param=MC_MX&query_string=504063
VRSTRUCKING1@YAHOO.COM,MC-504075,(860) 805-0404,https://safer.fmcsa.dot.gov/query.asp?searchtype=ANY&query_type=queryCarrierSnapshot&query_param=MC_MX&query_string=504075
MUNOZTRUCKING@HOTMAIL.COM,MC-504078,(559) 904-2728,https://safer.fmcsa.dot.gov/query.asp?searchtype=ANY&query_type=queryCarrierSnapshot&query_param=MC_MX&query_string=504078
HONDAED@TDS.NET,MC-504083,(615) 220-0333,https://safer.fmcsa.dot.gov/query.asp?searchtype=ANY&query_type=queryCarrierSnapshot&query_param=MC_MX&query_string=504083
JAMESALLENTRUCKING@HOTMAIL.COM,MC-504087,(479) 234-1394,https://safer.fmcsa.dot.gov/query.asp?searchtype=ANY&query_type=queryCarrierSnapshot&query_param=MC_MX&query_string=504087
FMARQUEZ@KC.RR.COM,MC-504090,(816) 210-5942,https://safer.fmcsa.dot.gov/query.asp?searchtype=ANY&query_type=queryCarrierSnapshot&query_param=MC_MX&query_string=504090
SMITH.JENNIFER@HOTMAIL.COM,MC-504096,(509) 619-0317,https://safer.fmcsa.dot.gov/query.asp?searchtype=ANY&query_type=queryCarrierSnapshot&query_param=MC_MX&query_string=504096
,MC-504099,(800)832-5660,https://safer.fmcsa.dot.gov/query.asp?searchtype=ANY&query_type=queryCarrierSnapshot&query_param=MC_MX&query_string=504099
,MC-504103,(800)832-5660,https://safer.fmcsa.dot.gov/query.asp?searchtype=ANY&query_type=queryCarrierSnapshot&query_param=MC_MX&query_string=504103
,MC-504104,(800)832-5660,https://safer.fmcsa.dot.gov/query.asp?searchtype=ANY&query_type=queryCarrierSnapshot&query_param=MC_MX&query_string=504104
,MC-504105,(800)832-5660,https://safer.fmcsa.dot.gov/query.asp?searchtype=ANY&query_type=queryCarrierSnapshot&query_param=MC_MX&query_string=504105
,,(800)832-5660,https://safer.fmcsa.dot.gov/query.asp?searchtype=ANY&query_type=queryCarrierSnapshot&query_param=MC_MX&query_string=504107
,MC-504115,(586) 463-3500,https://safer.fmcsa.dot.gov/query.asp?searchtype=ANY&query_type=queryCarrierSnapshot&query_param=MC_MX&query_string=504115
CLOPEZ@ECSNACKMARETING.COM,MC-504146,(626) 336-2502,https://safer.fmcsa.dot.gov/query.asp?searchtype=ANY&query_type=queryCarrierSnapshot&query_param=MC_MX&query_string=504146
,MC-504150,(407) 431-5527,https://safer.fmcsa.dot.gov/query.asp?searchtype=ANY&query_type=queryCarrierSnapshot&query_param=MC_MX&query_string=504150
STEINDLAUTOBODY@YAHOO.COM,MC-504153,(715) 579-6572,https://safer.fmcsa.dot.gov/query.asp?searchtype=ANY&query_type=queryCarrierSnapshot&query_param=MC_MX&query_string=504153
TLCTRANSPORT@ICLOUD.COM,MC-504155,(501) 284-9003,https://safer.fmcsa.dot.gov/query.asp?searchtype=ANY&query_type=queryCarrierSnapshot&query_param=MC_MX&query_string=504155
,MC-504160,(405) 283-0698,https://safer.fmcsa.dot.gov/query.asp?searchtype=ANY&query_type=queryCarrierSnapshot&query_param=MC_MX&query_string=504160
HILLTOPMULCH@OUTLOOK.COM,MC-504161,(540) 865-7121,https://safer.fmcsa.dot.gov/query.asp?searchtype=ANY&query_type=queryCarrierSnapshot&query_param=MC_MX&query_string=504161
ROBGUNSON@GMAIL.COM,MC-504162,(519) 934-0705,https://safer.fmcsa.dot.gov/query.asp?searchtype=ANY&query_type=queryCarrierSnapshot&query_param=MC_MX&query_string=504162
TATALEX32@HOTMAIL.COM,MC-504170,(360) 224-1477,https://safer.fmcsa.dot.gov/query.asp?searchtype=ANY&query_type=queryCarrierSnapshot&query_param=MC_MX&query_string=504170
CHEVEZ.EXPRESS@OUTLOOK.COM,MC-504180,(915) 852-5390,https://safer.fmcsa.dot.gov/query.asp?searchtype=ANY&query_type=queryCarrierSnapshot&query_param=MC_MX&query_string=504180
CREIGHTONS@YUCCA.NET,MC-504185,(575) 356-3665,https://safer.fmcsa.dot.gov/query.asp?searchtype=ANY&query_type=queryCarrierSnapshot&query_param=MC_MX&query_string=504185
EDVEGAM46@GMAIL.COM,MC-504186,(253) 335-8978,https://safer.fmcsa.dot.gov/query.asp?searchtype=ANY&query_type=queryCarrierSnapshot&query_param=MC_MX&query_string=504186
RWMAYO59@GMAIL.COM,MC-504189,(804) 561-7140,https://safer.fmcsa.dot.gov/query.asp?searchtype=ANY&query_type=queryCarrierSnapshot&query_param=MC_MX&query_string=504189
SHARONH1TIME@AOL.COM,MC-504193,(910) 619-1984,https://safer.fmcsa.dot.gov/query.asp?searchtype=ANY&query_type=queryCarrierSnapshot&query_param=MC_MX&query_string=504193
KATHY.RENALDO@RENALDO.ORG,MC-504198,(716) 337-3133,https://safer.fmcsa.dot.gov/query.asp?searchtype=ANY&query_type=queryCarrierSnapshot&query_param=MC_MX&query_string=504198
COZBAY@COMCAST.NET,MC-504207,(609) 332-0797,https://safer.fmcsa.dot.gov/query.asp?searchtype=ANY&query_type=queryCarrierSnapshot&query_param=MC_MX&query_string=504207
KAMRONEXPRESS@COMCAST.NET,MC-504220,(443) 277-3355,https://safer.fmcsa.dot.gov/query.asp?searchtype=ANY&query_type=queryCarrierSnapshot&query_param=MC_MX&query_string=504220
SEMSERVICES.JA@GMAIL.COM,MC-504221,(281) 835-3568,https://safer.fmcsa.dot.gov/query.asp?searchtype=ANY&query_type=queryCarrierSnapshot&query_param=MC_MX&query_string=504221
,MC-504222,(909) 356-9574,https://safer.fmcsa.dot.gov/query.asp?searchtype=ANY&query_type=queryCarrierSnapshot&query_param=MC_MX&query_string=504222
CLIFF007.AFL@GMAIL.COM,MC-504225,(715) 559-0593,https://safer.fmcsa.dot.gov/query.asp?searchtype=ANY&query_type=queryCarrierSnapshot&query_param=MC_MX&query_string=504225
MARTINSADVISER@GMAIL.COM,MC-504226,(617) 510-2987,https://safer.fmcsa.dot.gov/query.asp?searchtype=ANY&query_type=queryCarrierSnapshot&query_param=MC_MX&query_string=504226
,MC-504237,(605) 850-3898,https://safer.fmcsa.dot.gov/query.asp?searchtype=ANY&query_type=queryCarrierSnapshot&query_param=MC_MX&query_string=504237
JOESMILY@CHARTER.NET,MC-504243,(906) 364-0288,https://safer.fmcsa.dot.gov/query.asp?searchtype=ANY&query_type=queryCarrierSnapshot&query_param=MC_MX&query_string=504243
DAWSONTRANSPORT1@GMAIL.COM,MC-504249,(253) 310-2736,https://safer.fmcsa.dot.gov/query.asp?searchtype=ANY&query_type=queryCarrierSnapshot&query_param=MC_MX&query_string=504249
RONFTRUCKING@YAHOO.COM,MC-506753,(308) 991-7243,https://safer.fmcsa.dot.gov/query.asp?searchtype=ANY&query_type=queryCarrierSnapshot&query_param=MC_MX&query_string=506753
,MC-506762,(320) 253-3282,https://safer.fmcsa.dot.gov/query.asp?searchtype=ANY&query_type=queryCarrierSnapshot&query_param=MC_MX&query_string=506762
KYLE.FAVEL@FAVEL.CA,MC-506768,(306) 692-8488,https://safer.fmcsa.dot.gov/query.asp?searchtype=ANY&query_type=queryCarrierSnapshot&query_param=MC_MX&query_string=506768
DONNR1945@GMAIL.COM,MC-506774,(605) 237-2217,https://safer.fmcsa.dot.gov/query.asp?searchtype=ANY&query_type=queryCarrierSnapshot&query_param=MC_MX&query_string=506774
TGATRUCKING@YAHOO.COM,MC-506776,(323) 403-8676,https://safer.fmcsa.dot.gov/query.asp?searchtype=ANY&query_type=queryCarrierSnapshot&query_param=MC_MX&query_string=506776
EGP_TRUCKCO@HOTMAIL.COM,MC-506777,(619) 210-5083,https://safer.fmcsa.dot.gov/query.asp?searchtype=ANY&query_type=queryCarrierSnapshot&query_param=MC_MX&query_string=506777
,MC-506779,(480) 821-5664,https://safer.fmcsa.dot.gov/query.asp?searchtype=ANY&query_type=queryCarrierSnapshot&query_param=MC_MX&query_string=506779
,MC-506796,(562) 334-7682,https://safer.fmcsa.dot.gov/query.asp?searchtype=ANY&query_type=queryCarrierSnapshot&query_param=MC_MX&query_string=506796
SSEQUIP@WIATEL.NET,MC-506801,(712) 944-5751,https://safer.fmcsa.dot.gov/query.asp?searchtype=ANY&query_type=queryCarrierSnapshot&query_param=MC_MX&query_string=506801
JIM.VALLEYR@OUTLOOK.COM,MC-506804,(785) 448-6533,https://safer.fmcsa.dot.gov/query.asp?searchtype=ANY&query_type=queryCarrierSnapshot&query_param=MC_MX&query_string=506804
RAO525I@GMAIL.COM,MC-506806,(661) 864-8282,https://safer.fmcsa.dot.gov/query.asp?searchtype=ANY&query_type=queryCarrierSnapshot&query_param=MC_MX&query_string=506806
WILLIESTEVERSON@GMAIL.COM,MC-506820,(870) 995-1559,https://safer.fmcsa.dot.gov/query.asp?searchtype=ANY&query_type=queryCarrierSnapshot&query_param=MC_MX&query_string=506820
HALSTEADCL5@GMAIL.COM,MC-506825,(308) 530-4937,https://safer.fmcsa.dot.gov/query.asp?searchtype=ANY&query_type=queryCarrierSnapshot&query_param=MC_MX&query_string=506825
SLTKW2016@GMAIL.COM,MC-506831,(562) 351-2250,https://safer.fmcsa.dot.gov/query.asp?searchtype=ANY&query_type=queryCarrierSnapshot&query_param=MC_MX&query_string=506831
MP359@COMCAST.NET,MC-506839,(856) 297-1195,https://safer.fmcsa.dot.gov/query.asp?searchtype=ANY&query_type=queryCarrierSnapshot&query_param=MC_MX&query_string=506839
WYATT@TRANSERVICES.COM,MC-506847,(856) 371-3084,https://safer.fmcsa.dot.gov/query.asp?searchtype=ANY&query_type=queryCarrierSnapshot&query_param=MC_MX&query_string=506847
BLAKEBRONCOFAN@YAHOO.COM,MC-506849,(801) 540-1910,https://safer.fmcsa.dot.gov/query.asp?searchtype=ANY&query_type=queryCarrierSnapshot&query_param=MC_MX&query_string=506849
SCHAEFERS@DIODECOM.NET,MC-506852,(402) 239-1612,https://safer.fmcsa.dot.gov/query.asp?searchtype=ANY&query_type=queryCarrierSnapshot&query_param=MC_MX&query_string=506852
SFAIRCHILD@ALMALOGISTICS.COM,MC-506861,(989) 828-4900,https://safer.fmcsa.dot.gov/query.asp?searchtype=ANY&query_type=queryCarrierSnapshot&query_param=MC_MX&query_string=506861
GPT2005@GMAIL.COM,MC-506868,(661) 213-7099,https://safer.fmcsa.dot.gov/query.asp?searchtype=ANY&query_type=queryCarrierSnapshot&query_param=MC_MX&query_string=506868
,MC-506871,(856) 373-2856,https://safer.fmcsa.dot.gov/query.asp?searchtype=ANY&query_type=queryCarrierSnapshot&query_param=MC_MX&query_string=506871
MCKS@TDS.NET,MC-506872,(616) 283-4449,https://safer.fmcsa.dot.gov/query.asp?searchtype=ANY&query_type=queryCarrierSnapshot&query_param=MC_MX&query_string=506872
NVEXPRESS@OUTLOOK.COM,MC-506874,(503) 490-8219,https://safer.fmcsa.dot.gov/query.asp?searchtype=ANY&query_type=queryCarrierSnapshot&query_param=MC_MX&query_string=506874
,MC-506887,(800)832-5660,https://safer.fmcsa.dot.gov/query.asp?searchtype=ANY&query_type=queryCarrierSnapshot&query_param=MC_MX&query_string=506887
,MC-506892,(800)832-5660,https://safer.fmcsa.dot.gov/query.asp?searchtype=ANY&query_type=queryCarrierSnapshot&query_param=MC_MX&query_string=506892
,MC-506894,(800)832-5660,https://safer.fmcsa.dot.gov/query.asp?searchtype=ANY&query_type=queryCarrierSnapshot&query_param=MC_MX&query_string=506894
,MC-506896,(800)832-5660,https://safer.fmcsa.dot.gov/query.asp?searchtype=ANY&query_type=queryCarrierSnapshot&query_param=MC_MX&query_string=506896
,MC-506898,(800)832-5660,https://safer.fmcsa.dot.gov/query.asp?searchtype=ANY&query_type=queryCarrierSnapshot&query_param=MC_MX&query_string=506898
CIRCLEDIAMONDFARMS@GMAIL.COM,MC-506901,(912) 425-1308,https://safer.fmcsa.dot.gov/query.asp?searchtype=ANY&query_type=queryCarrierSnapshot&query_param=MC_MX&query_string=506901
KIMTRANSPORT3@GMAIL.COM,MC-506916,(860) 770-8396,https://safer.fmcsa.dot.gov/query.asp?searchtype=ANY&query_type=queryCarrierSnapshot&query_param=MC_MX&query_string=506916
AARONIVES7@HOTMAIL.COM,MC-506917,(951) 990-8155,https://safer.fmcsa.dot.gov/query.asp?searchtype=ANY&query_type=queryCarrierSnapshot&query_param=MC_MX&query_string=506917
TRUCKING@JMTRANSFER.BIZ,MC-506920,(401) 407-2061,https://safer.fmcsa.dot.gov/query.asp?searchtype=ANY&query_type=queryCarrierSnapshot&query_param=MC_MX&query_string=506920
ARODISLOPEZ@AOL.COM,MC-506926,(786) 357-1256,https://safer.fmcsa.dot.gov/query.asp?searchtype=ANY&query_type=queryCarrierSnapshot&query_param=MC_MX&query_string=506926
ZACKTRANSPORT@GMAIL.COM,MC-506950,(801) 809-2805,https://safer.fmcsa.dot.gov/query.asp?searchtype=ANY&query_type=queryCarrierSnapshot&query_param=MC_MX&query_string=506950
DCSLAGHT@YAHOO.COM,MC-506953,(608) 874-4030,https://safer.fmcsa.dot.gov/query.asp?searchtype=ANY&query_type=queryCarrierSnapshot&query_param=MC_MX&query_string=506953
RKLEMM@ARVIG.NET,MC-506960,(218) 846-3440,https://safer.fmcsa.dot.gov/query.asp?searchtype=ANY&query_type=queryCarrierSnapshot&query_param=MC_MX&query_string=506960
DAIRYLAND2016@GMAIL.COM,MC-506967,(209) 552-6515,https://safer.fmcsa.dot.gov/query.asp?searchtype=ANY&query_type=queryCarrierSnapshot&query_param=MC_MX&query_string=506967
HR@CARLYLEVANLINES.COM,MC-506968,(660) 747-8128,https://safer.fmcsa.dot.gov/query.asp?searchtype=ANY&query_type=queryCarrierSnapshot&query_param=MC_MX&query_string=506968
TRIPLECEXP@GMAIL.COM,MC-506970,(712) 898-5916,https://safer.fmcsa.dot.gov/query.asp?searchtype=ANY&query_type=queryCarrierSnapshot&query_param=MC_MX&query_string=506970
DELIVERIESUNLTD04@GMAIL.COM,MC-506971,(573) 484-4068,https://safer.fmcsa.dot.gov/query.asp?searchtype=ANY&query_type=queryCarrierSnapshot&query_param=MC_MX&query_string=506971
KAUFFMANK88@GMAIL.COM,MC-506985,(717) 250-7519,https://safer.fmcsa.dot.gov/query.asp?searchtype=ANY&query_type=queryCarrierSnapshot&query_param=MC_MX&query_string=506985
CSTUTZMAN@EJSTUTZMAN.COM,MC-506988,(330) 852-7888,https://safer.fmcsa.dot.gov/query.asp?searchtype=ANY&query_type=queryCarrierSnapshot&query_param=MC_MX&query_string=506988
DELFINESTRUCKING18@YAHOO.COM,MC-506995,(805) 207-7313,https://safer.fmcsa.dot.gov/query.asp?searchtype=ANY&query_type=queryCarrierSnapshot&query_param=MC_MX&query_string=506995
J123ANYSTREET@AOL.COM,MC-506004,(469) 585-9609,https://safer.fmcsa.dot.gov/query.asp?searchtype=ANY&query_type=queryCarrierSnapshot&query_param=MC_MX&query_string=506004
ROSETRUCKS4US@GMAIL.COM,MC-506012,(209) 638-6226,https://safer.fmcsa.dot.gov/query.asp?searchtype=ANY&query_type=queryCarrierSnapshot&query_param=MC_MX&query_string=506012
,MC-506017,(405) 283-0698,https://safer.fmcsa.dot.gov/query.asp?searchtype=ANY&query_type=queryCarrierSnapshot&query_param=MC_MX&query_string=506017
JANDLTOWING@YAHOO.COM,MC-506026,(928) 757-7889,https://safer.fmcsa.dot.gov/query.asp?searchtype=ANY&query_type=queryCarrierSnapshot&query_param=MC_MX&query_string=506026
,MC-506030,(251) 248-2867,https://safer.fmcsa.dot.gov/query.asp?searchtype=ANY&query_type=queryCarrierSnapshot&query_param=MC_MX&query_string=506030
FROSTEXPRESSLLC@GMAIL.COM,MC-506036,(706) 463-1112,https://safer.fmcsa.dot.gov/query.asp?searchtype=ANY&query_type=queryCarrierSnapshot&query_param=MC_MX&query_string=506036
MARIAHERNANDEZ71@AOL.COM,MC-506041,(909) 717-4668,https://safer.fmcsa.dot.gov/query.asp?searchtype=ANY&query_type=queryCarrierSnapshot&query_param=MC_MX&query_string=506041
,MC-506045,(256) 245-8838,https://safer.fmcsa.dot.gov/query.asp?searchtype=ANY&query_type=queryCarrierSnapshot&query_param=MC_MX&query_string=506045
ALLURE_TRANSPORTATION@YAHOO.COM,MC-506052,(973) 983-1244,https://safer.fmcsa.dot.gov/query.asp?searchtype=ANY&query_type=queryCarrierSnapshot&query_param=MC_MX&query_string=506052
SHIRLEY@COUNTRYVENTURES.CA,MC-506061,(204) 727-1163,https://safer.fmcsa.dot.gov/query.asp?searchtype=ANY&query_type=queryCarrierSnapshot&query_param=MC_MX&query_string=506061
,MC-506063,(608) 669-6074,https://safer.fmcsa.dot.gov/query.asp?searchtype=ANY&query_type=queryCarrierSnapshot&query_param=MC_MX&query_string=506063
SKY2CTRUCKING@YAHOO.COM,MC-506067,(253) 273-0478,https://safer.fmcsa.dot.gov/query.asp?searchtype=ANY&query_type=queryCarrierSnapshot&query_param=MC_MX&query_string=506067
RWFTRUCKINGCOMPANY@GMAIL.COM,MC-506073,(443) 465-4882,https://safer.fmcsa.dot.gov/query.asp?searchtype=ANY&query_type=queryCarrierSnapshot&query_param=MC_MX&query_string=506073
CARRILLOJUAN1960@GMAIL.COM,MC-506074,(909) 912-5283,https://safer.fmcsa.dot.gov/query.asp?searchtype=ANY&query_type=queryCarrierSnapshot&query_param=MC_MX&query_string=506074
KDWFORESTRY@GMAIL.COM,MC-506078,(218) 348-8971,https://safer.fmcsa.dot.gov/query.asp?searchtype=ANY&query_type=queryCarrierSnapshot&query_param=MC_MX&query_string=506078
APRIL@ALLSTATES.COM,MC-506085,(806) 364-1273,https://safer.fmcsa.dot.gov/query.asp?searchtype=ANY&query_type=queryCarrierSnapshot&query_param=MC_MX&query_string=506085
,MC-506087,(251) 599-9050,https://safer.fmcsa.dot.gov/query.asp?searchtype=ANY&query_type=queryCarrierSnapshot&query_param=MC_MX&query_string=506087
STLSNEGUR@GMAIL.COM,MC-506093,(503) 491-0400,https://safer.fmcsa.dot.gov/query.asp?searchtype=ANY&query_type=queryCarrierSnapshot&query_param=MC_MX&query_string=506093
DEBBIES_HOTSHOT@YAHOO.COM,MC-506094,(361) 788-3295,https://safer.fmcsa.dot.gov/query.asp?searchtype=ANY&query_type=queryCarrierSnapshot&query_param=MC_MX&query_string=506094
DEREKDUNCAN9@GMAIL.COM,MC-506099,(580) 513-4422,https://safer.fmcsa.dot.gov/query.asp?searchtype=ANY&query_type=queryCarrierSnapshot&query_param=MC_MX&query_string=506099
,MC-506107,(800)832-5660,https://safer.fmcsa.dot.gov/query.asp?searchtype=ANY&query_type=queryCarrierSnapshot&query_param=MC_MX&query_string=506107
T-TUCKER@COMCAST.NET,MC-506116,(586) 531-7870,https://safer.fmcsa.dot.gov/query.asp?searchtype=ANY&query_type=queryCarrierSnapshot&query_param=MC_MX&query_string=506116
,MC-506121,(405) 283-0698,https://safer.fmcsa.dot.gov/query.asp?searchtype=ANY&query_type=queryCarrierSnapshot&query_param=MC_MX&query_string=506121
PAUL@BLUEANGELSEXPRESS.COM,MC-506122,(818) 482-5062,https://safer.fmcsa.dot.gov/query.asp?searchtype=ANY&query_type=queryCarrierSnapshot&query_param=MC_MX&query_string=506122
LUDONJA.INC@LIVE.COM,MC-506128,(803) 300-1862,https://safer.fmcsa.dot.gov/query.asp?searchtype=ANY&query_type=queryCarrierSnapshot&query_param=MC_MX&query_string=506128
SAE50500@GMAIL.COM,MC-506130,(301) 310-3869,https://safer.fmcsa.dot.gov/query.asp?searchtype=ANY&query_type=queryCarrierSnapshot&query_param=MC_MX&query_string=506130
CARVANBUS@CAROLINALIVERY.NET,MC-506135,(919) 957-1111,https://safer.fmcsa.dot.gov/query.asp?searchtype=ANY&query_type=queryCarrierSnapshot&query_param=MC_MX&query_string=506135
,,(800)832-5660,https://safer.fmcsa.dot.gov/query.asp?searchtype=ANY&query_type=queryCarrierSnapshot&query_param=MC_MX&query_string=506138
,MC-506140,(800)832-5660,https://safer.fmcsa.dot.gov/query.asp?searchtype=ANY&query_type=queryCarrierSnapshot&query_param=MC_MX&query_string=506140
,MC-506141,(800)832-5660,https://safer.fmcsa.dot.gov/query.asp?searchtype=ANY&query_type=queryCarrierSnapshot&query_param=MC_MX&query_string=506141
,MC-506142,(800)832-5660,https://safer.fmcsa.dot.gov/query.asp?searchtype=ANY&query_type=queryCarrierSnapshot&query_param=MC_MX&query_string=506142
,MC-506150,(800)832-5660,https://safer.fmcsa.dot.gov/query.asp?searchtype=ANY&query_type=queryCarrierSnapshot&query_param=MC_MX&query_string=506150
VELASQUEZ4VIDA@YAHOO.COM,MC-506153,(562) 572-1975,https://safer.fmcsa.dot.gov/query.asp?searchtype=ANY&query_type=queryCarrierSnapshot&query_param=MC_MX&query_string=506153
DJICKERT@YAHOO.COM,MC-506164,(360) 609-7860,https://safer.fmcsa.dot.gov/query.asp?searchtype=ANY&query_type=queryCarrierSnapshot&query_param=MC_MX&query_string=506164
DYLANRG15@YAHOO.COM,MC-506181,(715) 690-4178,https://safer.fmcsa.dot.gov/query.asp?searchtype=ANY&query_type=queryCarrierSnapshot&query_param=MC_MX&query_string=506181
TRAVIS_ENTZEL_TRUCKING@HOTMAIL.COM,MC-506197,(701) 400-8399,https://safer.fmcsa.dot.gov/query.asp?searchtype=ANY&query_type=queryCarrierSnapshot&query_param=MC_MX&query_string=506197
MTBLUE22DONNY@GMAIL.COM,MC-506204,(401) 408-8835,https://safer.fmcsa.dot.gov/query.asp?searchtype=ANY&query_type=queryCarrierSnapshot&query_param=MC_MX&query_string=506204
DRYCREEKRANCHTRUCKING@GMAIL.COM,MC-506209,(507) 648-3721,https://safer.fmcsa.dot.gov/query.asp?searchtype=ANY&query_type=queryCarrierSnapshot&query_param=MC_MX&query_string=506209
LXYEXPRESSINC@YAHOO.COM,MC-506224,(562) 505-7226,https://safer.fmcsa.dot.gov/query.asp?searchtype=ANY&query_type=queryCarrierSnapshot&query_param=MC_MX&query_string=506224
CLINTWILLIS3@GMAIL.COM,MC-506230,(229) 821-0603,https://safer.fmcsa.dot.gov/query.asp?searchtype=ANY&query_type=queryCarrierSnapshot&query_param=MC_MX&query_string=506230
TRAILBLAZERTRUCKING184@GMAIL.COM,MC-506235,(804) 986-8327,https://safer.fmcsa.dot.gov/query.asp?searchtype=ANY&query_type=queryCarrierSnapshot&query_param=MC_MX&query_string=506235
FIDELCUEVAS04@YAHOO.COM,MC-506239,(951) 805-5339,https://safer.fmcsa.dot.gov/query.asp?searchtype=ANY&query_type=queryCarrierSnapshot&query_param=MC_MX&query_string=506239
GURNAMSP24@GMAIL.COM,MC-506248,(530) 870-2554,https://safer.fmcsa.dot.gov/query.asp?searchtype=ANY&query_type=queryCarrierSnapshot&query_param=MC_MX&query_string=506248
PETERBILTTOM40@OLP.NET,MC-506250,(918) 695-3753,https://safer.fmcsa.dot.gov/query.asp?searchtype=ANY&query_type=queryCarrierSnapshot&query_param=MC_MX&query_string=506250
GENEGRANT76@GMAIL.COM,MC-505504,(207) 240-3213,https://safer.fmcsa.dot.gov/query.asp?searchtype=ANY&query_type=queryCarrierSnapshot&query_param=MC_MX&query_string=505504
GARYJOEPARSON@GMAIL.COM,MC-505507,(903) 495-3273,https://safer.fmcsa.dot.gov/query.asp?searchtype=ANY&query_type=queryCarrierSnapshot&query_param=MC_MX&query_string=505507
SAFETY@NETFREIGHT.NET,MC-505510,(905) 673-9976,https://safer.fmcsa.dot.gov/query.asp?searchtype=ANY&query_type=queryCarrierSnapshot&query_param=MC_MX&query_string=505510
,MC-505513,(865) 475-9429,https://safer.fmcsa.dot.gov/query.asp?searchtype=ANY&query_type=queryCarrierSnapshot&query_param=MC_MX&query_string=505513
GLUPE75@AOL.C0M,MC-505543,(760) 922-9034,https://safer.fmcsa.dot.gov/query.asp?searchtype=ANY&query_type=queryCarrierSnapshot&query_param=MC_MX&query_string=505543
KATHY@KBSUNSPACES.COM,MC-505548,(603) 355-0818,https://safer.fmcsa.dot.gov/query.asp?searchtype=ANY&query_type=queryCarrierSnapshot&query_param=MC_MX&query_string=505548
BSFETTER@THEWAVZ.COM,MC-505553,(740) 465-2961,https://safer.fmcsa.dot.gov/query.asp?searchtype=ANY&query_type=queryCarrierSnapshot&query_param=MC_MX&query_string=505553
MELANIE@PRODUCEPLUS.COM,MC-505557,(815) 372-9898,https://safer.fmcsa.dot.gov/query.asp?searchtype=ANY&query_type=queryCarrierSnapshot&query_param=MC_MX&query_string=505557
JWEXPRESS@COMCAST.NET,MC-505558,(630) 697-1037,https://safer.fmcsa.dot.gov/query.asp?searchtype=ANY&query_type=queryCarrierSnapshot&query_param=MC_MX&query_string=505558
KELLENLEASING@YAHOO.COM,MC-505559,(712) 546-9235,https://safer.fmcsa.dot.gov/query.asp?searchtype=ANY&query_type=queryCarrierSnapshot&query_param=MC_MX&query_string=505559
BWESTHAVER@REDTECHLLC.COM,MC-505570,(860) 342-1022,https://safer.fmcsa.dot.gov/query.asp?searchtype=ANY&query_type=queryCarrierSnapshot&query_param=MC_MX&query_string=505570
BILLHOFFMAN64@YAHOO.COM,MC-505579,(605) 758-2531,https://safer.fmcsa.dot.gov/query.asp?searchtype=ANY&query_type=queryCarrierSnapshot&query_param=MC_MX&query_string=505579
PATRICIABOWEN2@AOL.COM,MC-505581,(937) 533-1371,https://safer.fmcsa.dot.gov/query.asp?searchtype=ANY&query_type=queryCarrierSnapshot&query_param=MC_MX&query_string=505581
KALAB@SAVANAHLOGISTICS.COM,MC-505582,(206) 763-5887,https://safer.fmcsa.dot.gov/query.asp?searchtype=ANY&query_type=queryCarrierSnapshot&query_param=MC_MX&query_string=505582
LETSGOTRUCKING@GMAIL.COM,MC-505587,(503) 358-2083,https://safer.fmcsa.dot.gov/query.asp?searchtype=ANY&query_type=queryCarrierSnapshot&query_param=MC_MX&query_string=505587
EDWARD@STOCKWELLSLIMO.COM,MC-505600,(203) 321-5355,https://safer.fmcsa.dot.gov/query.asp?searchtype=ANY&query_type=queryCarrierSnapshot&query_param=MC_MX&query_string=505600
SHELLY@SAMOKUNPRODUCE.COM,MC-505607,(419) 241-1101,https://safer.fmcsa.dot.gov/query.asp?searchtype=ANY&query_type=queryCarrierSnapshot&query_param=MC_MX&query_string=505607
DISPATCH@GBTI.US,MC-505611,(559) 495-4790,https://safer.fmcsa.dot.gov/query.asp?searchtype=ANY&query_type=queryCarrierSnapshot&query_param=MC_MX&query_string=505611
FROYTRANSPORT@AOL.COM,MC-505612,(909) 428-2400,https://safer.fmcsa.dot.gov/query.asp?searchtype=ANY&query_type=queryCarrierSnapshot&query_param=MC_MX&query_string=505612
LOREN.SIEVE@LISMORETELE.COM,MC-505615,(507) 360-8791,https://safer.fmcsa.dot.gov/query.asp?searchtype=ANY&query_type=queryCarrierSnapshot&query_param=MC_MX&query_string=505615
ARTIEBIESTERFELD@YAHOO.COM,MC-505617,(732) 928-4757,https://safer.fmcsa.dot.gov/query.asp?searchtype=ANY&query_type=queryCarrierSnapshot&query_param=MC_MX&query_string=505617
OPERATIONS@TOWNTRUCKING.COM,MC-505619,(503) 719-4559,https://safer.fmcsa.dot.gov/query.asp?searchtype=ANY&query_type=queryCarrierSnapshot&query_param=MC_MX&query_string=505619
FUZZYBEAR51@PROTONMAIL.COM,MC-505622,(302) 697-2203,https://safer.fmcsa.dot.gov/query.asp?searchtype=ANY&query_type=queryCarrierSnapshot&query_param=MC_MX&query_string=505622
ANDYORSO@MSN.COM,MC-505627,(813) 695-9141,https://safer.fmcsa.dot.gov/query.asp?searchtype=ANY&query_type=queryCarrierSnapshot&query_param=MC_MX&query_string=505627
DEBBIED@AFP-USA.COM,MC-505635,(270) 487-6778,https://safer.fmcsa.dot.gov/query.asp?searchtype=ANY&query_type=queryCarrierSnapshot&query_param=MC_MX&query_string=505635
JACKJONESENTERPRISESLLC@GMAIL.COM,MC-505636,(334) 227-9936,https://safer.fmcsa.dot.gov/query.asp?searchtype=ANY&query_type=queryCarrierSnapshot&query_param=MC_MX&query_string=505636
SCOTT@ULLMANFAMILYFARMS.COM,MC-505637,(210) 602-1486,https://safer.fmcsa.dot.gov/query.asp?searchtype=ANY&query_type=queryCarrierSnapshot&query_param=MC_MX&query_string=505637
,MC-505646,(800)832-5660,https://safer.fmcsa.dot.gov/query.asp?searchtype=ANY&query_type=queryCarrierSnapshot&query_param=MC_MX&query_string=505646
,MC-505650,(800)832-5660,https://safer.fmcsa.dot.gov/query.asp?searchtype=ANY&query_type=queryCarrierSnapshot&query_param=MC_MX&query_string=505650
,MC-505653,(800)832-5660,https://safer.fmcsa.dot.gov/query.asp?searchtype=ANY&query_type=queryCarrierSnapshot&query_param=MC_MX&query_string=505653
,MC-505654,(800)832-5660,https://safer.fmcsa.dot.gov/query.asp?searchtype=ANY&query_type=queryCarrierSnapshot&query_param=MC_MX&query_string=505654
,MC-505656,(800)832-5660,https://safer.fmcsa.dot.gov/query.asp?searchtype=ANY&query_type=queryCarrierSnapshot&query_param=MC_MX&query_string=505656
,MC-505660,(281) 330-8629,https://safer.fmcsa.dot.gov/query.asp?searchtype=ANY&query_type=queryCarrierSnapshot&query_param=MC_MX&query_string=505660
PEDRODUARTE66@YAHOO.COM,MC-505663,(661) 209-0204,https://safer.fmcsa.dot.gov/query.asp?searchtype=ANY&query_type=queryCarrierSnapshot&query_param=MC_MX&query_string=505663
STA0500@AOL.COM,MC-505678,(732) 752-3500,https://safer.fmcsa.dot.gov/query.asp?searchtype=ANY&query_type=queryCarrierSnapshot&query_param=MC_MX&query_string=505678
,MC-505680,(717) 361-0824,https://safer.fmcsa.dot.gov/query.asp?searchtype=ANY&query_type=queryCarrierSnapshot&query_param=MC_MX&query_string=505680
MDJTRUCKING@GMAIL.COM,MC-505684,(404) 425-3675,https://safer.fmcsa.dot.gov/query.asp?searchtype=ANY&query_type=queryCarrierSnapshot&query_param=MC_MX&query_string=505684
NOLAN@DERRICOLOGISTICS.COM,MC-637738,(715) 654-5238,https://safer.fmcsa.dot.gov/query.asp?searchtype=ANY&query_type=queryCarrierSnapshot&query_param=MC_MX&query_string=505694
SSKIPPER@HOWARD-IND.COM,MC-505696,(601) 477-2080,https://safer.fmcsa.dot.gov/query.asp?searchtype=ANY&query_type=queryCarrierSnapshot&query_param=MC_MX&query_string=505696
TRAVISCLARKTRUCKING@GMAIL.COM,MC-505706,(717) 395-5852,https://safer.fmcsa.dot.gov/query.asp?searchtype=ANY&query_type=queryCarrierSnapshot&query_param=MC_MX&query_string=505706
CADOLI@CADOLIMULTISERVICES.COM,MC-505708,(786) 210-5111,https://safer.fmcsa.dot.gov/query.asp?searchtype=ANY&query_type=queryCarrierSnapshot&query_param=MC_MX&query_string=505708
ANDREWSHIRK78@GMAIL.COM,MC-505733,(662) 361-0135,https://safer.fmcsa.dot.gov/query.asp?searchtype=ANY&query_type=queryCarrierSnapshot&query_param=MC_MX&query_string=505733
RUSSELLSGARAGE@EMBARQMAIL.COM,MC-505736,(276) 728-3850,https://safer.fmcsa.dot.gov/query.asp?searchtype=ANY&query_type=queryCarrierSnapshot&query_param=MC_MX&query_string=505736
,MC-505747,(800)832-5660,https://safer.fmcsa.dot.gov/query.asp?searchtype=ANY&query_type=queryCarrierSnapshot&query_param=MC_MX&query_string=505747
CALANTRUCKING@YAHOO.COM,MC-505749,(301) 933-6343,https://safer.fmcsa.dot.gov/query.asp?searchtype=ANY&query_type=queryCarrierSnapshot&query_param=MC_MX&query_string=505749
CAROLFLIPPO@WMCONNECT.COM,MC-505261,(205) 522-1472,https://safer.fmcsa.dot.gov/query.asp?searchtype=ANY&query_type=queryCarrierSnapshot&query_param=MC_MX&query_string=505261
DIANAJOE66@GMAIL.COM,MC-505268,(870) 557-2756,https://safer.fmcsa.dot.gov/query.asp?searchtype=ANY&query_type=queryCarrierSnapshot&query_param=MC_MX&query_string=505268
JTDELIVERYSERVICES@YAHOO.COM,MC-505277,(734) 753-9187,https://safer.fmcsa.dot.gov/query.asp?searchtype=ANY&query_type=queryCarrierSnapshot&query_param=MC_MX&query_string=505277
,MC-505278,(810) 673-3180,https://safer.fmcsa.dot.gov/query.asp?searchtype=ANY&query_type=queryCarrierSnapshot&query_param=MC_MX&query_string=505278
BERKA549@YAHOO.COM,MC-505280,(605) 842-6176,https://safer.fmcsa.dot.gov/query.asp?searchtype=ANY&query_type=queryCarrierSnapshot&query_param=MC_MX&query_string=505280
,MC-505297,(708) 774-0874,https://safer.fmcsa.dot.gov/query.asp?searchtype=ANY&query_type=queryCarrierSnapshot&query_param=MC_MX&query_string=505297
STCFREIGHT@YAHOO.COM,MC-505306,(260) 573-1674,https://safer.fmcsa.dot.gov/query.asp?searchtype=ANY&query_type=queryCarrierSnapshot&query_param=MC_MX&query_string=505306
VIDELLA2001@YAHOO.COM,MC-505312,(870) 394-6365,https://safer.fmcsa.dot.gov/query.asp?searchtype=ANY&query_type=queryCarrierSnapshot&query_param=MC_MX&query_string=505312
DANDSWEETS@HOTMAIL.COM,MC-505315,(507) 847-5707,https://safer.fmcsa.dot.gov/query.asp?searchtype=ANY&query_type=queryCarrierSnapshot&query_param=MC_MX&query_string=505315
SIMBA8986@YAHOO.COM,MC-505317,(567) 220-9912,https://safer.fmcsa.dot.gov/query.asp?searchtype=ANY&query_type=queryCarrierSnapshot&query_param=MC_MX&query_string=505317
TIPTONANDSONTRUCKING@GMAIL.COM,MC-505318,(423) 626-5054,https://safer.fmcsa.dot.gov/query.asp?searchtype=ANY&query_type=queryCarrierSnapshot&query_param=MC_MX&query_string=505318
,MC-505341,(305) 796-3806,https://safer.fmcsa.dot.gov/query.asp?searchtype=ANY&query_type=queryCarrierSnapshot&query_param=MC_MX&query_string=505341
ERIC@SPRINGFIELDCARTAGE.US,MC-505342,(937) 222-2120,https://safer.fmcsa.dot.gov/query.asp?searchtype=ANY&query_type=queryCarrierSnapshot&query_param=MC_MX&query_string=505342
BRYAN.COLE2@WINEBOW.COM,MC-505346,(847) 349-6811,https://safer.fmcsa.dot.gov/query.asp?searchtype=ANY&query_type=queryCarrierSnapshot&query_param=MC_MX&query_string=505346
JCTTRANSPORT10@GMAIL.COM,MC-505351,(817) 600-8547,https://safer.fmcsa.dot.gov/query.asp?searchtype=ANY&query_type=queryCarrierSnapshot&query_param=MC_MX&query_string=505351
CJSTORKTRANSFER@HOTMAIL.COM,MC-505355,(712) 249-2337,https://safer.fmcsa.dot.gov/query.asp?searchtype=ANY&query_type=queryCarrierSnapshot&query_param=MC_MX&query_string=505355
TLCJAGER@GMAIL.COM,MC-505359,(620) 277-0140,https://safer.fmcsa.dot.gov/query.asp?searchtype=ANY&query_type=queryCarrierSnapshot&query_param=MC_MX&query_string=505359
TRAVIS.WEBB@APDPRO.COM,MC-505369,(620) 675-2224,https://safer.fmcsa.dot.gov/query.asp?searchtype=ANY&query_type=queryCarrierSnapshot&query_param=MC_MX&query_string=505369
HOFFMANNFARMS@YAHOO.COM,MC-505375,(563) 581-8450,https://safer.fmcsa.dot.gov/query.asp?searchtype=ANY&query_type=queryCarrierSnapshot&query_param=MC_MX&query_string=505375
ANDREWSDS007@YAHOO.COM,MC-505382,(847) 736-4630,https://safer.fmcsa.dot.gov/query.asp?searchtype=ANY&query_type=queryCarrierSnapshot&query_param=MC_MX&query_string=505382
JUAREZTRANSPORT5@GMAIL.COM,MC-505384,(706) 263-8983,https://safer.fmcsa.dot.gov/query.asp?searchtype=ANY&query_type=queryCarrierSnapshot&query_param=MC_MX&query_string=505384
DIAZTRUCKING@COMCAST.NET,MC-505386,(503) 991-1376,https://safer.fmcsa.dot.gov/query.asp?searchtype=ANY&query_type=queryCarrierSnapshot&query_param=MC_MX&query_string=505386
WALLY@CKEXPRESS.CA,MC-505387,(604) 625-4444,https://safer.fmcsa.dot.gov/query.asp?searchtype=ANY&query_type=queryCarrierSnapshot&query_param=MC_MX&query_string=505387
CANOSTRANSPORT417@GMAIL.COM,MC-505389,(956) 227-0795,https://safer.fmcsa.dot.gov/query.asp?searchtype=ANY&query_type=queryCarrierSnapshot&query_param=MC_MX&query_string=505389
TORENCORP@GMAIL.COM,MC-505390,(305) 331-8566,https://safer.fmcsa.dot.gov/query.asp?searchtype=ANY&query_type=queryCarrierSnapshot&query_param=MC_MX&query_string=505390
OPS@CYBERWHEELS.CO,MC-505399,(219) 319-1212,https://safer.fmcsa.dot.gov/query.asp?searchtype=ANY&query_type=queryCarrierSnapshot&query_param=MC_MX&query_string=505399
CLIFFORDPARKS@ICLOUD.COM,MC-505402,(734) 558-3338,https://safer.fmcsa.dot.gov/query.asp?searchtype=ANY&query_type=queryCarrierSnapshot&query_param=MC_MX&query_string=505402
,,(800)832-5660,https://safer.fmcsa.dot.gov/query.asp?searchtype=ANY&query_type=queryCarrierSnapshot&query_param=MC_MX&query_string=505409
,MC-505421,(800)832-5660,https://safer.fmcsa.dot.gov/query.asp?searchtype=ANY&query_type=queryCarrierSnapshot&query_param=MC_MX&query_string=505421
,MC-505422,(800)832-5660,https://safer.fmcsa.dot.gov/query.asp?searchtype=ANY&query_type=queryCarrierSnapshot&query_param=MC_MX&query_string=505422
,MC-505428,(800)832-5660,https://safer.fmcsa.dot.gov/query.asp?searchtype=ANY&query_type=queryCarrierSnapshot&query_param=MC_MX&query_string=505428
,MC-505430,(800)832-5660,https://safer.fmcsa.dot.gov/query.asp?searchtype=ANY&query_type=queryCarrierSnapshot&query_param=MC_MX&query_string=505430
COAST22@COAST22.NET,MC-505435,(405) 283-0698,https://safer.fmcsa.dot.gov/query.asp?searchtype=ANY&query_type=queryCarrierSnapshot&query_param=MC_MX&query_string=505435
,MC-505438,(740) 372-1616,https://safer.fmcsa.dot.gov/query.asp?searchtype=ANY&query_type=queryCarrierSnapshot&query_param=MC_MX&query_string=505438
RAHBTRUCKINGSERVICE@YAHOO.COM,MC-505445,(712) 689-2364,https://safer.fmcsa.dot.gov/query.asp?searchtype=ANY&query_type=queryCarrierSnapshot&query_param=MC_MX&query_string=505445
JO-ANNE.MURPHY@MACKIEGROUP.COM,MC-505448,(905) 728-2400,https://safer.fmcsa.dot.gov/query.asp?searchtype=ANY&query_type=queryCarrierSnapshot&query_param=MC_MX&query_string=505448
EUROTRANSPORT2004@GMAIL.COM,MC-505449,(828) 545-7638,https://safer.fmcsa.dot.gov/query.asp?searchtype=ANY&query_type=queryCarrierSnapshot&query_param=MC_MX&query_string=505449
GIEXPRESS25@GMAIL.COM,MC-505466,(408) 595-4537,https://safer.fmcsa.dot.gov/query.asp?searchtype=ANY&query_type=queryCarrierSnapshot&query_param=MC_MX&query_string=505466
TRANSCOLE@HOTMAIL.COM,MC-505476,(407) 575-6572,https://safer.fmcsa.dot.gov/query.asp?searchtype=ANY&query_type=queryCarrierSnapshot&query_param=MC_MX&query_string=505476
NAAZTRANSPORTINC@GMAIL.COM,MC-505477,(559) 288-9336,https://safer.fmcsa.dot.gov/query.asp?searchtype=ANY&query_type=queryCarrierSnapshot&query_param=MC_MX&query_string=505477
CASEY@PITTSTRAILERS.COM,MC-505480,(334) 855-4754,https://safer.fmcsa.dot.gov/query.asp?searchtype=ANY&query_type=queryCarrierSnapshot&query_param=MC_MX&query_string=505480
KYLEE_BETH@HOTMAIL.COM,MC-505481,(405) 612-7990,https://safer.fmcsa.dot.gov/query.asp?searchtype=ANY&query_type=queryCarrierSnapshot&query_param=MC_MX&query_string=505481
COPPAGE928@GMAIL.COM,MC-505486,(443) 309-9796,https://safer.fmcsa.dot.gov/query.asp?searchtype=ANY&query_type=queryCarrierSnapshot&query_param=MC_MX&query_string=505486
ELCISNETRUCKING@LIVE.COM,MC-505492,(702) 696-0812,https://safer.fmcsa.dot.gov/query.asp?searchtype=ANY&query_type=queryCarrierSnapshot&query_param=MC_MX&query_string=505492
ADELES.TRANSPORT@GMAIL.COM,MC-505495,(608) 217-8716,https://safer.fmcsa.dot.gov/query.asp?searchtype=ANY&query_type=queryCarrierSnapshot&query_param=MC_MX&query_string=505495
,MC-505755,(419) 841-2335,https://safer.fmcsa.dot.gov/query.asp?searchtype=ANY&query_type=queryCarrierSnapshot&query_param=MC_MX&query_string=505755
LENNARTZAMBIE@GMAIL.COM,MC-505760,(419) 586-1681,https://safer.fmcsa.dot.gov/query.asp?searchtype=ANY&query_type=queryCarrierSnapshot&query_param=MC_MX&query_string=505760
PILASNUEVAS15@GMAIL.COM,MC-505778,(915) 630-1512,https://safer.fmcsa.dot.gov/query.asp?searchtype=ANY&query_type=queryCarrierSnapshot&query_param=MC_MX&query_string=505778
WEBBERTOW@AOL.COM,MC-505779,(561) 439-2995,https://safer.fmcsa.dot.gov/query.asp?searchtype=ANY&query_type=queryCarrierSnapshot&query_param=MC_MX&query_string=505779
KVAUGHN@NDSIN.COM,MC-505784,(812) 246-6306,https://safer.fmcsa.dot.gov/query.asp?searchtype=ANY&query_type=queryCarrierSnapshot&query_param=MC_MX&query_string=505784
MEMOACTS@GMAIL.COM,MC-505785,(956) 235-3876,https://safer.fmcsa.dot.gov/query.asp?searchtype=ANY&query_type=queryCarrierSnapshot&query_param=MC_MX&query_string=505785
COTEAUGRAIN@DRTEL.NET,MC-505786,(605) 216-2483,https://safer.fmcsa.dot.gov/query.asp?searchtype=ANY&query_type=queryCarrierSnapshot&query_param=MC_MX&query_string=505786
MARC@CVXINC.COM,MC-505788,(980) 920-5900,https://safer.fmcsa.dot.gov/query.asp?searchtype=ANY&query_type=queryCarrierSnapshot&query_param=MC_MX&query_string=505788
ALAMJITG13@GMAIL.COM,MC-505790,(209) 810-4670,https://safer.fmcsa.dot.gov/query.asp?searchtype=ANY&query_type=queryCarrierSnapshot&query_param=MC_MX&query_string=505790
,MC-505794,(641) 373-2039,https://safer.fmcsa.dot.gov/query.asp?searchtype=ANY&query_type=queryCarrierSnapshot&query_param=MC_MX&query_string=505794
HOT.TRUCK@HOTMAIL.COM,MC-505795,(901) 493-0665,https://safer.fmcsa.dot.gov/query.asp?searchtype=ANY&query_type=queryCarrierSnapshot&query_param=MC_MX&query_string=505795
NWX2448@GMAIL.COM,MC-505802,(360) 770-9426,https://safer.fmcsa.dot.gov/query.asp?searchtype=ANY&query_type=queryCarrierSnapshot&query_param=MC_MX&query_string=505802
WALTCROSS1958@GMAIL.COM,MC-505813,(802) 442-6897,https://safer.fmcsa.dot.gov/query.asp?searchtype=ANY&query_type=queryCarrierSnapshot&query_param=MC_MX&query_string=505813
AOLARI@COX.NET,MC-505817,(602) 773-6648,https://safer.fmcsa.dot.gov/query.asp?searchtype=ANY&query_type=queryCarrierSnapshot&query_param=MC_MX&query_string=505817
SDHILLON1000@GMAIL.COM,MC-505823,(209) 345-5419,https://safer.fmcsa.dot.gov/query.asp?searchtype=ANY&query_type=queryCarrierSnapshot&query_param=MC_MX&query_string=505823
BRWNDT@BELLSOUTH.NET,MC-505833,(662) 332-4775,https://safer.fmcsa.dot.gov/query.asp?searchtype=ANY&query_type=queryCarrierSnapshot&query_param=MC_MX&query_string=505833
CASTANEDAMIGUEL@HOTMAIL.COM,MC-505847,(626) 905-3384,https://safer.fmcsa.dot.gov/query.asp?searchtype=ANY&query_type=queryCarrierSnapshot&query_param=MC_MX&query_string=505847
CCAMACHOTRUCKING@AOL.COM,MC-505848,(909) 802-8692,https://safer.fmcsa.dot.gov/query.asp?searchtype=ANY&query_type=queryCarrierSnapshot&query_param=MC_MX&query_string=505848
,MC-505852,(912) 486-5319,https://safer.fmcsa.dot.gov/query.asp?searchtype=ANY&query_type=queryCarrierSnapshot&query_param=MC_MX&query_string=505852
CHRIS@PERUZZITRANSPORTS.COM,MC-505853,(303) 748-5355,https://safer.fmcsa.dot.gov/query.asp?searchtype=ANY&query_type=queryCarrierSnapshot&query_param=MC_MX&query_string=505853
ALLISON@NWNOKC.NET,MC-505858,(405) 620-2046,https://safer.fmcsa.dot.gov/query.asp?searchtype=ANY&query_type=queryCarrierSnapshot&query_param=MC_MX&query_string=505858
,MC-505862,(605) 934-1781,https://safer.fmcsa.dot.gov/query.asp?searchtype=ANY&query_type=queryCarrierSnapshot&query_param=MC_MX&query_string=505862
GRAVESTRANSPORT@YAHOO.COM,MC-505869,(843) 362-1861,https://safer.fmcsa.dot.gov/query.asp?searchtype=ANY&query_type=queryCarrierSnapshot&query_param=MC_MX&query_string=505869
BRETT.REED@USCREWCHANGE.COM,MC-505874,(337) 362-2382,https://safer.fmcsa.dot.gov/query.asp?searchtype=ANY&query_type=queryCarrierSnapshot&query_param=MC_MX&query_string=505874
JB_BETHEA@YAHOO.COM,MC-505882,(910) 997-1033,https://safer.fmcsa.dot.gov/query.asp?searchtype=ANY&query_type=queryCarrierSnapshot&query_param=MC_MX&query_string=505882
,MC-505883,(800)832-5660,https://safer.fmcsa.dot.gov/query.asp?searchtype=ANY&query_type=queryCarrierSnapshot&query_param=MC_MX&query_string=505883
,MC-505885,(800)832-5660,https://safer.fmcsa.dot.gov/query.asp?searchtype=ANY&query_type=queryCarrierSnapshot&query_param=MC_MX&query_string=505885
,MC-505887,(800)832-5660,https://safer.fmcsa.dot.gov/query.asp?searchtype=ANY&query_type=queryCarrierSnapshot&query_param=MC_MX&query_string=505887
,MC-505891,(800)832-5660,https://safer.fmcsa.dot.gov/query.asp?searchtype=ANY&query_type=queryCarrierSnapshot&query_param=MC_MX&query_string=505891
,MC-505893,(800)832-5660,https://safer.fmcsa.dot.gov/query.asp?searchtype=ANY&query_type=queryCarrierSnapshot&query_param=MC_MX&query_string=505893
,MC-505894,(800)832-5660,https://safer.fmcsa.dot.gov/query.asp?searchtype=ANY&query_type=queryCarrierSnapshot&query_param=MC_MX&query_string=505894
RODGER125@INSIGHTBB.COM,MC-505906,(270) 781-3652,https://safer.fmcsa.dot.gov/query.asp?searchtype=ANY&query_type=queryCarrierSnapshot&query_param=MC_MX&query_string=505906
JESSICAWALKER1983@LIVE.COM,MC-505909,(606) 862-2863,https://safer.fmcsa.dot.gov/query.asp?searchtype=ANY&query_type=queryCarrierSnapshot&query_param=MC_MX&query_string=505909
OFFICE@CHAMPAGNESERVICES.NET,MC-505911,(337) 274-5119,https://safer.fmcsa.dot.gov/query.asp?searchtype=ANY&query_type=queryCarrierSnapshot&query_param=MC_MX&query_string=505911
1963LOGHAULER@GMAIL.COM,MC-505919,(303) 528-5286,https://safer.fmcsa.dot.gov/query.asp?searchtype=ANY&query_type=queryCarrierSnapshot&query_param=MC_MX&query_string=505919
AETRUCKINGSERVICE@HOTMAIL.COM,MC-505922,(804) 652-4645,https://safer.fmcsa.dot.gov/query.asp?searchtype=ANY&query_type=queryCarrierSnapshot&query_param=MC_MX&query_string=505922
LOAD@PARTEMS.COM,MC-505925,(253) 216-4170,https://safer.fmcsa.dot.gov/query.asp?searchtype=ANY&query_type=queryCarrierSnapshot&query_param=MC_MX&query_string=505925
COAST22@COX.NET,MC-505938,855-368-4200,https://safer.fmcsa.dot.gov/query.asp?searchtype=ANY&query_type=queryCarrierSnapshot&query_param=MC_MX&query_string=505938
GVSHIMABUKURO1970@HOTMAIL.COM,MC-505942,(703) 986-4322,https://safer.fmcsa.dot.gov/query.asp?searchtype=ANY&query_type=queryCarrierSnapshot&query_param=MC_MX&query_string=505942
CLARKTOWINGIOWA@GMAIL.COM,MC-505947,(563) 949-7702,https://safer.fmcsa.dot.gov/query.asp?searchtype=ANY&query_type=queryCarrierSnapshot&query_param=MC_MX&query_string=505947
SAFETY@RAGAR.COM,MC-505955,(956) 727-4602,https://safer.fmcsa.dot.gov/query.asp?searchtype=ANY&query_type=queryCarrierSnapshot&query_param=MC_MX&query_string=505955
DANIALMITCHELL88@OUTLOOK.COM,MC-505956,(540) 664-0999,https://safer.fmcsa.dot.gov/query.asp?searchtype=ANY&query_type=queryCarrierSnapshot&query_param=MC_MX&query_string=505956
CORNHUSKERCOURIER@MSN.COM,MC-505964,(308) 534-3392,https://safer.fmcsa.dot.gov/query.asp?searchtype=ANY&query_type=queryCarrierSnapshot&query_param=MC_MX&query_string=505964
BAILEY@BOSTRANSPORTLLC.COM,MC-505968,(360) 383-8971,https://safer.fmcsa.dot.gov/query.asp?searchtype=ANY&query_type=queryCarrierSnapshot&query_param=MC_MX&query_string=505968
ARROYO_VICENTE@ICLOUD.COM,MC-505975,(657) 358-2196,https://safer.fmcsa.dot.gov/query.asp?searchtype=ANY&query_type=queryCarrierSnapshot&query_param=MC_MX&query_string=505975
MARCOSDIAZ02021943@GMAIL.COM,MC-505982,(928) 446-9018,https://safer.fmcsa.dot.gov/query.asp?searchtype=ANY&query_type=queryCarrierSnapshot&query_param=MC_MX&query_string=505982
DUREN_FARMS@YAHOO.COM,MC-505987,(931) 722-3763,https://safer.fmcsa.dot.gov/query.asp?searchtype=ANY&query_type=queryCarrierSnapshot&query_param=MC_MX&query_string=505987
JOSHC80@LIVE.CA,MC-505988,(519) 984-2789,https://safer.fmcsa.dot.gov/query.asp?searchtype=ANY&query_type=queryCarrierSnapshot&query_param=MC_MX&query_string=505988
ASNEXPRESSINC@GMAIL.COM,MC-505990,(323) 420-7275,https://safer.fmcsa.dot.gov/query.asp?searchtype=ANY&query_type=queryCarrierSnapshot&query_param=MC_MX&query_string=505990
KATHYSELLNER2@GMAIL.COM,MC-505997,(608) 592-7200,https://safer.fmcsa.dot.gov/query.asp?searchtype=ANY&query_type=queryCarrierSnapshot&query_param=MC_MX&query_string=505997
